,GDPDEF,INFL,UNRATE,UNRATENSA,FEDFUNDS,DFEDFUNDS,LONGRATE,LR7Y,LR5Y,LR3Y,LR2Y,LR1Y,DM2SL,DM2MSL,DMZMSL,DM1SL,BAA10Y,EBP,DMBSL,EXCSR,DSHO,DDIV_M1,DDIV_M2,DDIV_M2M,DDIV_MZM,DDIV_M4,YGAP,SPD,DINFL,DLONGRATE,rinfl,rygap,rr,rr1,PGR
1948-1,12.731,#N/A,3.733,4.4,#N/A,#N/A,#N/A,#N/A,#N/A,#N/A,#N/A,#N/A,#N/A,#N/A,#N/A,#N/A,#N/A,#N/A,-7.317157403,#N/A,#N/A,#N/A,#N/A,#N/A,#N/A,#N/A,#N/A,#N/A,#N/A,#N/A,#N/A,#N/A,#N/A,#N/A,#N/A
1948-2,12.845,3.565866593,3.667,3.767,#N/A,#N/A,#N/A,#N/A,#N/A,#N/A,#N/A,#N/A,#N/A,#N/A,#N/A,#N/A,#N/A,#N/A,-6.968942838,#N/A,#N/A,#N/A,#N/A,#N/A,#N/A,#N/A,#N/A,#N/A,#N/A,#N/A,#N/A,#N/A,#N/A,#N/A,#N/A
1948-3,13.083,7.343618787,3.767,3.633,#N/A,#N/A,#N/A,#N/A,#N/A,#N/A,#N/A,#N/A,#N/A,#N/A,#N/A,#N/A,#N/A,#N/A,4.478557159,#N/A,#N/A,#N/A,#N/A,#N/A,#N/A,#N/A,#N/A,#N/A,3.744,#N/A,#N/A,#N/A,#N/A,#N/A,#N/A
1948-4,13.123,1.221095354,3.833,3.267,#N/A,#N/A,#N/A,#N/A,#N/A,#N/A,#N/A,#N/A,#N/A,#N/A,#N/A,#N/A,#N/A,#N/A,3.037304885,#N/A,#N/A,#N/A,#N/A,#N/A,#N/A,#N/A,#N/A,#N/A,-6.119,#N/A,#N/A,#N/A,#N/A,#N/A,#N/A
1949-1,13.053,-2.139369403,4.667,5.467,#N/A,#N/A,#N/A,#N/A,#N/A,#N/A,#N/A,#N/A,#N/A,#N/A,#N/A,#N/A,#N/A,#N/A,-8.465352644,#N/A,#N/A,#N/A,#N/A,#N/A,#N/A,#N/A,0.140224531,#N/A,-3.358,#N/A,#N/A,#N/A,#N/A,#N/A,#N/A
1949-2,12.923,-4.003729145,5.867,5.833,#N/A,#N/A,#N/A,#N/A,#N/A,#N/A,#N/A,#N/A,#N/A,#N/A,#N/A,#N/A,#N/A,#N/A,-4.392832655,#N/A,#N/A,#N/A,#N/A,#N/A,#N/A,#N/A,-1.493430543,#N/A,-1.894,#N/A,#N/A,#N/A,#N/A,#N/A,5.21255
1949-3,12.863,-1.861478579,6.7,6.4,#N/A,#N/A,#N/A,#N/A,#N/A,#N/A,#N/A,#N/A,#N/A,#N/A,#N/A,#N/A,#N/A,#N/A,4.097425116,#N/A,#N/A,#N/A,#N/A,#N/A,#N/A,#N/A,-1.804531918,#N/A,2.203,#N/A,#N/A,#N/A,#N/A,#N/A,5.3738
1949-4,12.864,0.031095736,6.967,5.933,#N/A,#N/A,#N/A,#N/A,#N/A,#N/A,#N/A,#N/A,#N/A,#N/A,#N/A,#N/A,#N/A,#N/A,2.143824744,#N/A,#N/A,#N/A,#N/A,#N/A,#N/A,#N/A,-3.854655769,#N/A,1.86,#N/A,#N/A,#N/A,#N/A,#N/A,5.06837
1950-1,12.845,-0.59123275,6.4,7.533,#N/A,#N/A,#N/A,#N/A,#N/A,#N/A,#N/A,#N/A,#N/A,#N/A,#N/A,#N/A,#N/A,#N/A,-3.632270237,#N/A,#N/A,#N/A,#N/A,#N/A,#N/A,#N/A,-1.393389858,#N/A,-0.653,#N/A,#N/A,#N/A,#N/A,#N/A,5.30844
1950-2,12.888,1.336806125,5.567,5.633,#N/A,#N/A,#N/A,#N/A,#N/A,#N/A,#N/A,#N/A,#N/A,#N/A,#N/A,#N/A,#N/A,#N/A,0.223417171,#N/A,#N/A,#N/A,#N/A,#N/A,#N/A,#N/A,0.281111568,#N/A,1.989,#N/A,#N/A,#N/A,#N/A,#N/A,5.28129
1950-3,13.168,8.597199224,4.633,4.467,#N/A,#N/A,#N/A,#N/A,#N/A,#N/A,#N/A,#N/A,#N/A,#N/A,#N/A,#N/A,#N/A,#N/A,-0.316883186,#N/A,#N/A,#N/A,#N/A,#N/A,#N/A,#N/A,2.800210475,#N/A,7.224,#N/A,#N/A,#N/A,#N/A,#N/A,5.24245
1950-4,13.415,7.433535977,4.233,3.667,#N/A,#N/A,#N/A,#N/A,#N/A,#N/A,#N/A,#N/A,#N/A,#N/A,#N/A,#N/A,#N/A,#N/A,2.592676689,#N/A,#N/A,#N/A,#N/A,#N/A,#N/A,#N/A,3.361146255,#N/A,-1.133,#N/A,#N/A,#N/A,#N/A,#N/A,5.41002
1951-1,13.9,14.2061425,3.5,4.133,#N/A,#N/A,#N/A,#N/A,#N/A,#N/A,#N/A,#N/A,#N/A,#N/A,#N/A,#N/A,#N/A,#N/A,3.761783211,#N/A,#N/A,#N/A,#N/A,#N/A,#N/A,#N/A,3.355788763,#N/A,6.709,#N/A,#N/A,#N/A,#N/A,#N/A,5.41681
1951-2,13.992,2.638759032,3.1,3.167,#N/A,#N/A,#N/A,#N/A,#N/A,#N/A,#N/A,#N/A,#N/A,#N/A,#N/A,#N/A,#N/A,#N/A,4.518563622,#N/A,#N/A,#N/A,#N/A,#N/A,#N/A,#N/A,3.749414496,#N/A,-11.501,#N/A,#N/A,#N/A,#N/A,#N/A,5.35099
1951-3,14,0.22863676,3.167,3.067,#N/A,#N/A,#N/A,#N/A,#N/A,#N/A,#N/A,#N/A,#N/A,#N/A,#N/A,#N/A,#N/A,#N/A,3.924050342,#N/A,#N/A,#N/A,#N/A,#N/A,#N/A,#N/A,4.443117292,#N/A,-2.438,#N/A,#N/A,#N/A,#N/A,#N/A,5.49456
1951-4,14.16,4.54550346,3.367,2.967,#N/A,#N/A,#N/A,#N/A,#N/A,#N/A,#N/A,#N/A,#N/A,#N/A,#N/A,#N/A,#N/A,#N/A,5.963413204,#N/A,#N/A,#N/A,#N/A,#N/A,#N/A,#N/A,3.210592387,#N/A,4.314,#N/A,#N/A,#N/A,#N/A,#N/A,5.62847
1952-1,14.153,-0.197789006,3.067,3.6,#N/A,#N/A,#N/A,#N/A,#N/A,#N/A,#N/A,#N/A,#N/A,#N/A,#N/A,#N/A,#N/A,#N/A,5.708471721,#N/A,#N/A,#N/A,#N/A,#N/A,#N/A,#N/A,2.86740656,#N/A,-4.74,#N/A,#N/A,#N/A,#N/A,#N/A,5.58372
1952-2,14.17,0.48017518,2.967,3.033,#N/A,#N/A,#N/A,#N/A,#N/A,#N/A,#N/A,#N/A,#N/A,#N/A,#N/A,#N/A,#N/A,#N/A,0.873960146,#N/A,#N/A,#N/A,#N/A,#N/A,#N/A,#N/A,1.630722955,#N/A,0.678,#N/A,#N/A,#N/A,#N/A,#N/A,5.69865
1952-3,14.329,4.463360813,3.233,3.033,#N/A,#N/A,#N/A,#N/A,#N/A,#N/A,#N/A,#N/A,#N/A,#N/A,#N/A,#N/A,#N/A,#N/A,4.919192473,#N/A,#N/A,#N/A,#N/A,#N/A,#N/A,#N/A,1.03754072,#N/A,3.98,#N/A,#N/A,#N/A,#N/A,#N/A,5.21852
1952-4,14.368,1.08722233,2.833,2.467,#N/A,#N/A,#N/A,#N/A,#N/A,#N/A,#N/A,#N/A,#N/A,#N/A,#N/A,#N/A,#N/A,#N/A,4.75570475,#N/A,#N/A,#N/A,#N/A,#N/A,#N/A,#N/A,3.099530158,#N/A,-3.374,#N/A,#N/A,#N/A,#N/A,#N/A,4.84467
1953-1,14.371,0.083510213,2.7,3.167,#N/A,#N/A,#N/A,#N/A,#N/A,#N/A,#N/A,#N/A,#N/A,#N/A,#N/A,#N/A,#N/A,#N/A,3.258185342,#N/A,#N/A,#N/A,#N/A,#N/A,#N/A,#N/A,3.887584773,#N/A,-1.003,#N/A,#N/A,#N/A,#N/A,#N/A,4.32138
1953-2,14.4,0.806367796,2.567,2.667,#N/A,#N/A,2.996666667,#N/A,#N/A,#N/A,#N/A,#N/A,#N/A,#N/A,#N/A,#N/A,#N/A,#N/A,0.50314703,#N/A,#N/A,#N/A,#N/A,#N/A,#N/A,#N/A,3.649275818,#N/A,0.695,#N/A,#N/A,#N/A,#N/A,#N/A,3.99848
1953-3,14.46,1.663204059,2.733,2.567,#N/A,#N/A,2.916666667,#N/A,#N/A,#N/A,#N/A,#N/A,#N/A,#N/A,#N/A,#N/A,#N/A,#N/A,3.515333595,#N/A,#N/A,#N/A,#N/A,#N/A,#N/A,#N/A,2.155449024,#N/A,0.912,-0.08,#N/A,#N/A,#N/A,#N/A,3.54981
1953-4,14.487,0.746191532,3.7,3.3,#N/A,#N/A,2.643333333,#N/A,#N/A,#N/A,#N/A,#N/A,#N/A,#N/A,#N/A,#N/A,#N/A,#N/A,-0.513312987,#N/A,#N/A,#N/A,#N/A,#N/A,#N/A,#N/A,-0.181553536,#N/A,-0.944,-0.274,#N/A,#N/A,#N/A,#N/A,3.15499
1954-1,14.533,1.268092034,5.267,6.133,#N/A,#N/A,2.44,#N/A,#N/A,#N/A,#N/A,#N/A,#N/A,#N/A,#N/A,#N/A,#N/A,#N/A,0.880600765,#N/A,#N/A,#N/A,#N/A,#N/A,#N/A,#N/A,-1.387695411,#N/A,0.521,-0.203,#N/A,#N/A,#N/A,#N/A,2.9461
1954-2,14.546,0.357646435,5.8,5.833,#N/A,#N/A,2.346666667,#N/A,#N/A,#N/A,#N/A,#N/A,#N/A,#N/A,#N/A,#N/A,#N/A,#N/A,-0.567437895,#N/A,#N/A,#N/A,#N/A,#N/A,#N/A,#N/A,-1.930181971,#N/A,-0.91,-0.093,#N/A,#N/A,#N/A,#N/A,2.64229
1954-3,14.565,0.522139472,5.967,5.467,1.03,#N/A,2.346666667,#N/A,#N/A,#N/A,#N/A,#N/A,#N/A,#N/A,#N/A,#N/A,#N/A,#N/A,0.272907154,#N/A,#N/A,#N/A,#N/A,#N/A,#N/A,#N/A,-1.436773489,#N/A,0.165,0,#N/A,#N/A,#N/A,#N/A,2.48463
1954-4,14.605,1.097018171,5.333,4.767,0.986666667,-0.04,2.473333333,#N/A,#N/A,#N/A,#N/A,#N/A,#N/A,#N/A,#N/A,#N/A,#N/A,#N/A,2.567109673,#N/A,#N/A,#N/A,#N/A,#N/A,#N/A,#N/A,-0.1401584,#N/A,0.574,0.126,#N/A,#N/A,#N/A,#N/A,2.52341
1955-1,14.673,1.858053754,4.733,5.567,1.343333333,0.356,2.646666667,#N/A,#N/A,#N/A,#N/A,#N/A,#N/A,#N/A,#N/A,#N/A,#N/A,#N/A,0.299870401,#N/A,#N/A,#N/A,#N/A,#N/A,#N/A,#N/A,2.088691633,#N/A,0.761,0.174,#N/A,#N/A,#N/A,#N/A,2.43508
1955-2,14.734,1.659471214,4.4,4.5,1.5,0.157,2.763333333,#N/A,#N/A,#N/A,#N/A,#N/A,#N/A,#N/A,#N/A,#N/A,#N/A,#N/A,1.060386724,#N/A,#N/A,#N/A,#N/A,#N/A,#N/A,#N/A,3.07892107,#N/A,-0.199,0.116,#N/A,#N/A,#N/A,#N/A,2.59525
1955-3,14.837,2.786525083,4.1,3.767,1.94,0.44,2.946666667,#N/A,#N/A,#N/A,#N/A,#N/A,#N/A,#N/A,#N/A,#N/A,#N/A,#N/A,0.604675552,#N/A,#N/A,#N/A,#N/A,#N/A,#N/A,#N/A,3.813169842,#N/A,1.127,0.184,#N/A,#N/A,#N/A,#N/A,2.52654
1955-4,14.984,3.943561669,4.233,3.7,2.356666667,0.417,2.91,#N/A,#N/A,#N/A,#N/A,#N/A,#N/A,#N/A,#N/A,#N/A,#N/A,#N/A,1.181515011,#N/A,#N/A,#N/A,#N/A,#N/A,#N/A,#N/A,3.759041789,#N/A,1.183,-0.037,#N/A,#N/A,#N/A,#N/A,2.60275
1956-1,15.134,3.984361252,4.033,4.733,2.483333333,0.126,2.9,#N/A,#N/A,#N/A,#N/A,#N/A,#N/A,#N/A,#N/A,#N/A,#N/A,#N/A,1.967416461,#N/A,#N/A,#N/A,#N/A,#N/A,#N/A,#N/A,2.676681509,#N/A,-0.013,-0.01,#N/A,#N/A,#N/A,#N/A,2.63796
1956-2,15.224,2.371704689,4.2,4.333,2.693333333,0.21,3.083333333,#N/A,#N/A,#N/A,#N/A,#N/A,#N/A,#N/A,#N/A,#N/A,#N/A,#N/A,0.666723273,#N/A,#N/A,#N/A,#N/A,#N/A,#N/A,#N/A,2.856149436,#N/A,-1.585,0.183,#N/A,#N/A,#N/A,#N/A,2.59315
1956-3,15.415,4.987172538,4.133,3.833,2.81,0.117,3.273333333,#N/A,#N/A,#N/A,#N/A,#N/A,#N/A,#N/A,#N/A,#N/A,#N/A,#N/A,0.484192597,#N/A,#N/A,#N/A,#N/A,#N/A,#N/A,#N/A,2.073440143,#N/A,2.614,0.19,#N/A,#N/A,#N/A,#N/A,2.69602
1956-4,15.477,1.605595837,4.133,3.667,2.926666667,0.117,3.473333333,#N/A,#N/A,#N/A,#N/A,#N/A,#N/A,#N/A,#N/A,#N/A,#N/A,#N/A,2.164565051,#N/A,#N/A,#N/A,#N/A,#N/A,#N/A,#N/A,3.020310476,#N/A,-3.379,0.2,#N/A,#N/A,#N/A,#N/A,2.83643
1957-1,15.689,5.441911568,3.933,4.633,2.933333333,0.006,3.403333333,#N/A,#N/A,#N/A,#N/A,#N/A,#N/A,#N/A,#N/A,#N/A,#N/A,#N/A,0.700085922,#N/A,#N/A,#N/A,#N/A,#N/A,#N/A,#N/A,2.895606815,#N/A,3.859,-0.07,#N/A,#N/A,#N/A,#N/A,3.03748
1957-2,15.799,2.794726816,4.1,4.167,3,0.067,3.626666667,#N/A,#N/A,#N/A,#N/A,#N/A,#N/A,#N/A,#N/A,#N/A,#N/A,#N/A,0.434285656,#N/A,#N/A,#N/A,#N/A,#N/A,#N/A,#N/A,1.84936782,#N/A,-2.671,0.224,#N/A,#N/A,#N/A,#N/A,3.2107
1957-3,15.893,2.37284553,4.233,3.833,3.233333333,0.233,3.926666667,#N/A,#N/A,#N/A,#N/A,#N/A,#N/A,#N/A,#N/A,#N/A,#N/A,#N/A,0.299840834,#N/A,#N/A,#N/A,#N/A,#N/A,#N/A,#N/A,1.994458977,#N/A,-0.422,0.3,#N/A,#N/A,#N/A,#N/A,3.33157
1957-4,15.904,0.27675568,4.933,4.4,3.253333333,0.02,3.633333333,#N/A,#N/A,#N/A,#N/A,#N/A,#N/A,#N/A,#N/A,#N/A,#N/A,#N/A,-0.303369711,#N/A,#N/A,#N/A,#N/A,#N/A,#N/A,#N/A,0.068689649,#N/A,-2.094,-0.294,#N/A,#N/A,#N/A,#N/A,3.46599
1958-1,16.076,4.302730669,6.3,7.4,1.863333333,-1.39,3.04,#N/A,#N/A,#N/A,#N/A,#N/A,#N/A,#N/A,#N/A,#N/A,#N/A,#N/A,1.377422747,#N/A,#N/A,#N/A,#N/A,#N/A,#N/A,#N/A,-3.368456338,#N/A,4.023,-0.593,#N/A,#N/A,#N/A,#N/A,3.46178
1958-2,16.123,1.167738958,7.367,7.4,0.94,-0.923,2.923333333,#N/A,#N/A,#N/A,#N/A,#N/A,#N/A,#N/A,#N/A,#N/A,#N/A,#N/A,4.72662535,#N/A,#N/A,#N/A,#N/A,#N/A,#N/A,#N/A,-3.59472402,#N/A,-3.133,-0.117,#N/A,#N/A,#N/A,#N/A,3.55802
1958-3,16.221,2.423950035,7.333,6.7,1.323333333,0.383,3.5,#N/A,#N/A,#N/A,#N/A,#N/A,#N/A,#N/A,#N/A,#N/A,#N/A,#N/A,2.007241011,#N/A,#N/A,#N/A,#N/A,#N/A,#N/A,#N/A,-2.247168585,#N/A,1.255,0.577,#N/A,#N/A,#N/A,#N/A,3.59498
1958-4,16.298,1.894280732,6.367,5.7,2.163333333,0.84,3.8,#N/A,#N/A,#N/A,#N/A,#N/A,#N/A,#N/A,#N/A,#N/A,#N/A,#N/A,0.728984676,#N/A,#N/A,#N/A,#N/A,#N/A,#N/A,#N/A,-0.894057975,#N/A,-0.529,0.3,#N/A,#N/A,#N/A,#N/A,3.74588
1959-1,16.336,0.93154421,5.833,6.8,2.57,0.407,3.99,#N/A,#N/A,#N/A,#N/A,#N/A,#N/A,#N/A,#N/A,#N/A,#N/A,#N/A,2.285425483,#N/A,#N/A,#N/A,#N/A,#N/A,#N/A,#N/A,0.063114894,#N/A,-0.962,0.19,#N/A,#N/A,#N/A,#N/A,3.76075
1959-2,16.361,0.611677031,5.1,5.167,3.083333333,0.513,4.256666667,#N/A,#N/A,#N/A,#N/A,#N/A,5.931484054,5.658209907,5.658209907,3.430225881,#N/A,#N/A,2.098358734,#N/A,#N/A,#N/A,#N/A,#N/A,#N/A,#N/A,1.338625205,#N/A,-0.32,0.267,#N/A,#N/A,#N/A,#N/A,3.85387
1959-3,16.424,1.537290286,5.267,4.9,3.576666667,0.494,4.503333333,#N/A,#N/A,#N/A,#N/A,#N/A,5.394766422,5.438400259,5.438400259,2.836220817,#N/A,#N/A,1.234011256,#N/A,#N/A,#N/A,#N/A,#N/A,#N/A,#N/A,0.393240458,#N/A,0.925,0.246,#N/A,#N/A,#N/A,#N/A,4.03124
1959-4,16.489,1.579924881,5.6,5.033,3.99,0.413,4.583333333,#N/A,#N/A,#N/A,#N/A,#N/A,1.393494695,2.061377249,2.061377249,-3.595955138,#N/A,#N/A,-1.039452913,#N/A,#N/A,#N/A,#N/A,#N/A,#N/A,#N/A,-0.32688868,#N/A,0.019,0.08,#N/A,#N/A,#N/A,#N/A,4.01751
1960-1,16.555,1.597871632,5.133,5.967,3.933333333,-0.057,4.486666667,#N/A,#N/A,#N/A,#N/A,#N/A,2.103501351,2.56187193,2.56187193,-1.046996434,#N/A,#N/A,0,0.02599,#N/A,#N/A,#N/A,#N/A,#N/A,#N/A,0.878636973,#N/A,0.066,-0.096,#N/A,#N/A,#N/A,#N/A,4.08241
1960-2,16.597,1.013514056,5.233,5.267,3.696666667,-0.236,4.26,#N/A,#N/A,#N/A,#N/A,#N/A,3.201084106,2.822289194,2.822289194,-0.858676537,#N/A,#N/A,0.129653009,0.02542,#N/A,#N/A,#N/A,#N/A,#N/A,#N/A,-0.665639304,#N/A,-0.632,-0.227,-0.941258927,-1.518474281,1.930258927,0.956533185,4.00853
1960-3,16.654,1.37138867,5.533,5.133,2.936666667,-0.76,3.833333333,#N/A,#N/A,#N/A,#N/A,#N/A,7.066623687,6.312309382,6.312309382,3.707691431,#N/A,#N/A,2.160374385,0.03141,#N/A,#N/A,#N/A,#N/A,#N/A,#N/A,-1.170986666,#N/A,0.406,-0.427,0.115946252,-0.582856934,1.279053748,-0.470997821,3.99304
1960-4,16.703,1.175166478,6.267,5.667,2.296666667,-0.64,3.886666667,#N/A,#N/A,#N/A,#N/A,#N/A,5.78781289,5.901340216,5.901340216,-0.18930431,#N/A,#N/A,2.617593487,0.04196,#N/A,#N/A,#N/A,#N/A,#N/A,#N/A,-3.390416174,#N/A,-0.221,0.054,-0.342045504,-2.390076112,1.516045504,-0.898203011,3.91847
1961-1,16.739,0.861192845,6.8,7.833,2.003333333,-0.294,3.786666667,#N/A,#N/A,#N/A,#N/A,#N/A,6.845041353,6.827920166,6.827920166,1.983240989,#N/A,#N/A,1.608035605,0.04039,#N/A,#N/A,#N/A,#N/A,#N/A,#N/A,-3.691791709,#N/A,-0.313,-0.1,-0.25468549,-0.612369585,1.11568549,-2.980827654,3.94031
1961-2,16.778,0.930871321,7,6.967,1.733333333,-0.27,3.79,#N/A,#N/A,#N/A,#N/A,#N/A,7.30976328,6.410603277,6.410603277,2.909786385,#N/A,#N/A,0.509990171,0.03628,#N/A,#N/A,#N/A,#N/A,#N/A,#N/A,-2.985216528,#N/A,0.069,0.003,0.115600758,0.338204599,0.814399242,-3.252797957,3.80883
1961-3,16.821,1.023840554,6.767,6.3,1.683333333,-0.05,3.98,#N/A,#N/A,#N/A,#N/A,#N/A,6.690423275,5.584882907,5.584882907,2.33128064,#N/A,#N/A,3.245968723,0.03613,#N/A,#N/A,#N/A,#N/A,#N/A,#N/A,-2.089773159,#N/A,0.093,0.19,0.120300251,0.575763627,0.902699749,-2.595431853,3.93053
1961-4,16.874,1.258347974,6.2,5.633,2.4,0.717,3.973333333,#N/A,#N/A,#N/A,#N/A,#N/A,6.980557446,7.271390257,7.271390257,3.609882189,#N/A,#N/A,5.460373415,0.03369,#N/A,#N/A,#N/A,#N/A,#N/A,#N/A,-1.146378476,#N/A,0.235,-0.007,0.214258255,0.661065051,1.043741745,-1.744916161,3.93279
1962-1,16.961,2.057046059,5.633,6.467,2.456666667,0.057,4.016666667,#N/A,3.83516129,3.631451613,#N/A,3.202258065,8.195466571,6.812210336,6.812210336,2.571765461,#N/A,#N/A,3.208905372,0.03178,#N/A,#N/A,#N/A,#N/A,#N/A,#N/A,-0.389053606,1.59290323,0.798,0.044,0.694498453,0.57986671,1.361501547,-0.897308041,4.01896
1962-2,16.989,0.659793964,5.533,5.5,2.606666667,0.15,3.873333333,#N/A,3.631428571,3.38984127,#N/A,3.014444444,8.376457334,6.617122208,6.617122208,2.646296865,#N/A,#N/A,4.305433017,0.02923,#N/A,#N/A,#N/A,#N/A,#N/A,#N/A,-0.509322506,1.2368254,-1.42,-0.144,-1.440850417,-0.26582497,2.076850417,-0.177231917,4.08167
1962-3,17.024,0.823214944,5.567,5.167,2.846666667,0.24,3.99,#N/A,3.739365079,3.496507937,#N/A,3.187777778,6.169200732,5.311949292,5.311949292,-0.363967268,#N/A,#N/A,2.772285148,0.03056,#N/A,#N/A,#N/A,#N/A,#N/A,#N/A,-0.324610963,1.14428571,0.21,0.117,-0.071952482,0.035407196,0.917952482,-0.298484334,4.14217
1962-4,17.059,0.821524216,5.533,5.033,2.923333333,0.076,3.903333333,#N/A,3.599672131,3.363442623,#N/A,2.993606557,7.932165271,7.524229379,7.524229379,2.178852414,#N/A,#N/A,3.958128656,0.032,#N/A,#N/A,#N/A,#N/A,#N/A,#N/A,-1.036141604,0.98116667,-0.025,-0.087,-0.300408803,-0.837678902,1.121408803,-0.141616021,4.17908
1963-1,17.134,1.754747937,5.767,6.6,2.966666667,0.044,3.893333333,#N/A,3.638852459,3.401639344,#N/A,3.027868852,8.830218901,8.270132008,8.270132008,4.143248032,#N/A,#N/A,4.442583518,0.0282,#N/A,#N/A,#N/A,#N/A,#N/A,#N/A,-0.997086246,0.93885246,0.933,-0.01,0.70237405,-0.14293903,1.05162595,-0.824423181,4.18481
1963-2,17.164,0.699749435,5.733,5.767,2.963333333,-0.004,3.963333333,#N/A,3.754444444,3.546349206,#N/A,3.141746032,8.604024147,7.499624873,7.499624873,3.657066393,#N/A,#N/A,5.256889691,0.02626,#N/A,#N/A,#N/A,#N/A,#N/A,#N/A,-0.940278345,1.01111111,-1.055,0.07,-1.119335875,-0.102951975,1.818335875,-0.819308077,4.23404
1963-3,17.187,0.535646786,5.5,5.2,3.33,0.367,4.033333333,#N/A,3.9109375,3.78015625,#N/A,3.52609375,8.040648183,6.842887142,6.842887142,4.06363919,#N/A,#N/A,5.44484993,0.02661,#N/A,#N/A,#N/A,#N/A,#N/A,#N/A,0.164291542,0.73078125,-0.164,0.07,-0.424305627,0.945176953,0.959305627,-0.772005439,4.26293
1963-4,17.326,3.221991749,5.567,5.1,3.453333333,0.123,4.12,#N/A,4.006721311,3.939180328,#N/A,3.726885246,7.67764673,6.581938276,6.581938276,3.848706709,#N/A,#N/A,5.407820035,0.02629,#N/A,#N/A,#N/A,#N/A,#N/A,#N/A,-0.258586238,0.68770492,2.685,0.087,2.282998166,-0.494683064,0.937001834,0.247274834,4.30616
1964-1,17.381,1.267756845,5.467,6.167,3.463333333,0.01,4.18,#N/A,4.082622951,4.055737705,#N/A,3.830819672,6.628491214,6.295923735,6.295923735,2.603046063,#N/A,#N/A,5.038806049,0.02408,#N/A,#N/A,#N/A,#N/A,#N/A,#N/A,0.76252493,0.72770492,-1.953,0.06,-1.841211062,0.950514558,3.108211062,-0.168988979,4.27113
1964-2,17.421,0.919487791,5.2,5.333,3.49,0.027,4.2,#N/A,4.075,4.0675,#N/A,3.86140625,6.784332902,6.445721493,6.445721493,2.758037214,#N/A,#N/A,5.556464138,0.0212,#N/A,#N/A,#N/A,#N/A,#N/A,#N/A,0.765458685,0.71796875,-0.348,0.02,-0.672963488,-0.005997745,1.591963488,0.813744826,4.31975
1964-3,17.49,1.581165589,5,4.733,3.456666667,-0.033,4.193333333,#N/A,4.05203125,3.95515625,#N/A,3.765625,8.934911313,8.182103465,8.182103465,6.47511477,#N/A,#N/A,6.0490723,0.02373,#N/A,#N/A,#N/A,#N/A,#N/A,#N/A,1.238463215,0.756875,0.684,-0.007,0.291398419,0.463417554,1.311601581,0.838583317,4.32764
1964-4,17.57,1.825445267,4.967,4.533,3.576666667,0.12,4.173333333,#N/A,4.067377049,4.047213115,#N/A,3.933770492,8.108170046,7.8823661,7.8823661,5.205782965,#N/A,#N/A,5.649026478,0.02291,#N/A,#N/A,#N/A,#N/A,#N/A,#N/A,0.468369493,0.63114754,0.198,-0.02,-0.105114974,-0.762636581,1.906114974,1.305996362,4.28791
1965-1,17.658,1.998414512,4.9,5.433,3.976666667,0.396,4.203333333,#N/A,4.133278689,4.08295082,#N/A,4.01295082,7.916093936,6.963718201,6.963718201,2.991910895,#N/A,#N/A,5.070729296,0.02247,#N/A,#N/A,#N/A,#N/A,#N/A,#N/A,1.779321553,0.25016393,0.219,0.03,0.001382321,1.296432082,2.018617679,0.579705849,4.37816
1965-2,17.739,1.830666811,4.667,4.767,4.08,0.104,4.206666667,#N/A,4.149365079,4.102063492,#N/A,4.018253968,6.606133944,5.892682915,5.892682915,2.311667941,#N/A,#N/A,4.67982023,0.0193,#N/A,#N/A,#N/A,#N/A,#N/A,#N/A,1.972597759,0.1484127,-0.191,0.004,-0.50073853,0.244213703,2.32973853,1.820817063,4.26267
1965-3,17.808,1.552875611,4.367,4.167,4.076666667,-0.004,4.246666667,#N/A,4.20171875,4.1634375,#N/A,4.08578125,7.726209724,6.906833925,6.906833925,4.58363927,#N/A,#N/A,5.530219863,0.02148,#N/A,#N/A,#N/A,#N/A,#N/A,#N/A,3.104154208,0.1984375,-0.3,0.04,-0.666963295,1.217489836,2.195963295,1.99506723,4.38137
1965-4,17.93,2.730997234,4.1,3.733,4.166666667,0.094,4.473333333,#N/A,4.514754098,4.53557377,#N/A,4.473114754,8.663531179,8.34262531,8.34262531,7.258263667,#N/A,#N/A,7.542455291,0.0207,#N/A,#N/A,#N/A,#N/A,#N/A,#N/A,4.329220099,0.33377049,1.223,0.226,0.713307233,1.360552012,2.038692767,3.084154099,4.38688
1966-1,18.046,2.579506382,3.867,4.2,4.56,0.39,4.77,#N/A,4.92,4.964444444,#N/A,4.930634921,7.619829883,5.872068401,5.872068401,6.893307171,#N/A,#N/A,5.968150502,0.01933,#N/A,#N/A,#N/A,#N/A,#N/A,#N/A,5.696569985,0.25301587,-0.196,0.297,-0.583945992,1.568641513,3.139945992,4.241933078,4.41191
1966-2,18.193,3.245140457,3.833,3.967,4.913333333,0.356,4.78,#N/A,4.898571429,4.979047619,#N/A,4.934285714,4.792526308,-0.780061872,-0.780061872,4.29733599,#N/A,#N/A,5.684739848,0.01891,#N/A,#N/A,#N/A,#N/A,#N/A,#N/A,4.889863482,-0.0946032,0.709,0.01,0.150997751,-0.541672493,3.114002249,5.516436274,4.4287
1966-3,18.369,3.85102258,3.767,3.6,5.41,0.497,5.14,#N/A,5.3965625,5.5834375,#N/A,5.51921875,2.346711096,-2.192301135,-2.192301135,-1.245379484,#N/A,#N/A,4.192434307,0.01971,#N/A,#N/A,#N/A,#N/A,#N/A,#N/A,4.608545544,-0.1717188,0.583,0.36,0.192112628,-0.043519352,3.655887372,4.702260873,4.44761
1966-4,18.523,3.339496791,3.7,3.367,5.563333333,0.153,5.003333333,#N/A,5.205666667,5.394833333,#N/A,5.4365,4.011113167,-0.408467888,-0.408467888,1.16765676,#N/A,#N/A,2.81775572,0.01834,#N/A,#N/A,#N/A,#N/A,#N/A,#N/A,4.316991964,-0.5311667,-0.511,-0.137,-0.808327538,-0.068182144,4.145327538,4.37371321,4.38463
1967-1,18.6,1.659351031,3.833,4.1,4.823333333,-0.74,4.583333333,#N/A,4.653606557,4.643114754,#N/A,4.593934426,6.423172348,2.100729892,2.100729892,3.944728867,#N/A,#N/A,6.344655335,0.02037,#N/A,#N/A,#N/A,#N/A,#N/A,#N/A,4.087501009,-0.1908197,-1.679,-0.42,-2.05403939,-0.0246112,3.71203939,4.032843634,4.40756
1967-2,18.695,2.037811084,3.833,3.767,3.99,-0.833,4.82,#N/A,4.76359375,4.62953125,#N/A,4.24953125,9.472234187,5.558879884,5.558879884,5.50362208,#N/A,#N/A,5.153272435,0.01855,#N/A,5.503589324,6.907097048,5.461873276,5.461873276,6.812285448,3.015395789,0.85515625,0.379,0.237,-0.224527343,-0.926374046,2.261527343,3.797602824,4.3865
1967-3,18.874,3.811682068,3.8,3.833,3.893333333,-0.097,5.246666667,#N/A,5.311904762,5.234603175,#N/A,5.127301587,10.71811668,7.273483316,7.273483316,8.710687752,#N/A,#N/A,6.117181594,0.01915,#N/A,8.710637382,9.208223151,7.999324578,7.999324578,9.445389449,2.85869588,1.36126984,1.772,0.427,1.38760613,-0.114409956,2.42139387,2.76299502,4.37561
1967-4,19.084,4.425989622,3.9,3.667,4.173333333,0.28,5.643333333,#N/A,5.696721311,5.642295082,#N/A,5.560819672,8.372398677,4.906190406,4.906190406,6.483840621,#N/A,#N/A,6.8821884,0.01749,#N/A,6.337606595,6.60399084,5.594495916,5.594495916,7.078550285,2.493140427,1.47803279,0.614,0.396,0.577830508,-0.31388018,3.845169492,2.549876548,4.42887
1968-1,19.295,4.398282934,3.733,4,4.79,0.614,5.61,#N/A,5.626451613,5.647903226,#N/A,5.476129032,6.795295268,2.534768239,2.534768239,5.227883456,#N/A,#N/A,6.167720765,0.01756,#N/A,5.301910432,4.952548323,3.798754994,3.798754994,5.796688946,3.430895281,0.84112903,-0.007,-0.033,0.079753283,1.007776297,4.336246717,2.141297331,4.43282
1968-2,19.499,4.206874886,3.567,3.533,5.983333333,1.193,5.743333333,#N/A,5.865322581,5.897096774,#N/A,5.951451613,6.533403772,3.551369881,3.551369881,6.794977883,#N/A,#N/A,5.910282067,0.01619,#N/A,6.796274547,5.659817224,4.872331883,4.872331883,5.222250692,4.010520014,-0.2295161,-0.232,0.133,-0.26275948,0.693097847,4.44675948,2.97386468,4.39265
1968-3,19.69,3.899084179,3.533,3.6,5.946666667,-0.037,5.46,#N/A,5.5246875,5.4521875,#N/A,5.51,7.692073645,4.074638583,4.074638583,7.72631572,#N/A,#N/A,7.024032123,0.01621,#N/A,7.86699658,6.465571836,5.528223425,5.528223425,7.412976501,3.656103543,-0.486875,-0.267,-0.283,-0.469440734,-0.116483315,4.386440734,3.401781776,4.4532
1968-4,19.968,5.608039814,3.4,3.2,5.916666667,-0.026,5.77,#N/A,5.775,5.749354839,#N/A,5.832419355,9.162719997,5.474577653,5.474577653,8.534391187,#N/A,#N/A,7.467442402,0.01476,#N/A,8.532878916,7.729959062,6.737501731,6.737501731,7.94657542,2.906051705,-0.0814516,1.687,0.31,1.46787599,-0.501600509,4.13612401,3.043116372,4.4751
1969-1,20.174,4.105461778,3.4,3.633,6.566666667,0.65,6.176666667,#N/A,6.331147541,6.305409836,#N/A,6.362622951,6.771852308,3.865040987,3.865040987,7.153894074,#N/A,#N/A,5.576158927,0.01064,#N/A,6.95196603,5.602899819,4.918092663,4.918092663,6.231080807,3.402246863,-0.3577049,-1.501,0.407,-1.352701508,0.682197947,5.455701508,2.332603376,4.28788
1969-2,20.431,5.06348345,3.433,3.4,8.326666667,1.76,6.353333333,#N/A,6.526031746,6.53015873,#N/A,6.574285714,3.505230915,0.569435643,0.569435643,3.197885121,#N/A,#N/A,3.19661204,0.01062,#N/A,3.198935079,2.100036952,1.450594579,1.450594579,2.208119022,2.66137736,-1.7992063,0.957,0.176,0.745859085,-0.488619975,4.314140915,2.752548865,4.09042
1969-3,20.718,5.579812951,3.567,3.667,8.983333333,0.656,6.856666667,6.981428571,7.201904762,7.456349206,#N/A,7.652857143,2.534278723,-1.510780346,-1.510780346,1.787638496,#N/A,#N/A,3.221647417,0.01102,#N/A,1.788223069,0.070686496,-0.665226644,-0.665226644,0.106850442,2.346804113,-1.9806349,0.516,0.504,0.405466896,-0.019058279,5.170533104,1.942659132,3.86092
1969-4,20.985,5.12200366,3.567,3.333,8.94,-0.043,7.296666667,7.316393443,7.675409836,7.784590164,#N/A,7.899180328,3.430160513,0.0571143,0.0571143,3.223966791,#N/A,#N/A,5.71494211,0.00991,#N/A,3.225105613,1.51310289,0.96466402,0.96466402,2.493424454,0.918422856,-1.4908197,-0.457,0.44,-0.496274465,-1.104518828,5.615274465,1.582833599,3.66629
1970-1,21.28,5.583907075,4.167,4.5,8.573333333,-0.367,7.366666667,7.4555,7.728833333,7.722666667,#N/A,7.55,1.477316376,-2.520776031,-2.520776031,4.236982498,#N/A,#N/A,4.075124732,0.00787,#N/A,4.503155285,-0.046777999,-0.633140607,-0.633140607,1.225238974,-0.108421271,-1.1378333,0.48,0.07,0.471524166,-0.747211124,5.127475834,0.217158131,3.49652
1970-2,21.577,5.544107234,4.767,4.667,7.886666667,-0.693,7.713333333,7.736307692,7.771692308,7.717230769,#N/A,7.446769231,2.690567757,-5.380857883,-5.380857883,2.971589894,#N/A,#N/A,6.546090121,0.00723,#N/A,3.037594596,-1.516619099,-2.877819669,-2.877819669,-0.422021103,-0.793540803,-0.118,-0.059,0.346,0.125277787,-0.460460025,5.414722213,-0.720902039,3.32022
1970-3,21.754,3.267886446,5.167,5.167,6.706666667,-1.177,7.46,7.53765625,7.4871875,7.38203125,#N/A,6.940625,8.935558046,4.604242387,4.604242387,5.243041818,#N/A,#N/A,7.366529567,0.00833,#N/A,5.113500381,5.607855521,4.769693598,4.769693598,5.750201098,-0.673434946,0.78625,-2.274,-0.253,-1.998466686,0.270509169,5.264466686,-1.300859688,3.18535
1970-4,22.042,5.260830239,5.833,5.4,5.566666667,-1.136,6.853333333,6.761639344,6.50442623,6.31147541,#N/A,5.641147541,10.61162471,8.066111078,8.066111078,7.11437657,#N/A,#N/A,7.458274717,0.00976,#N/A,6.91853951,8.289351204,7.672861146,7.672861146,8.775280714,-2.491392234,1.31916667,1.991,-0.607,1.927624238,-1.722831012,3.329375762,-1.085333137,3.07927
1971-1,22.376,6.015692652,5.933,6.5,3.856666667,-1.71,6.016666667,5.815901639,5.45852459,5.032295082,#N/A,4.034262295,12.63107219,9.259931023,9.259931023,6.621950567,#N/A,#N/A,8.309237313,0.00925,#N/A,6.626348175,9.617301043,8.209075598,8.209075598,10.60641221,-0.606115631,2.11245902,0.773,-0.836,1.295334051,1.819416887,4.734665949,-2.717710376,3.05909
1971-2,22.67,5.221403448,5.9,5.833,4.566666667,0.706,6.246666667,6.315238095,6.158571429,5.841111111,#N/A,5.004126984,15.15773292,11.20094934,11.20094934,8.381721799,#N/A,#N/A,7.696551434,0.0079,#N/A,8.569406747,12.46884151,10.15547293,10.15547293,12.00391806,-0.839127301,1.66984127,-0.812,0.23,-0.166949174,-0.254569123,5.384949174,-0.819103851,3.09748
1971-3,22.901,4.055245284,6.033,5.967,5.476666667,0.91,6.483333333,6.59609375,6.5128125,6.32875,#N/A,5.75203125,11.73741041,9.275009782,9.275009782,6.853054031,#N/A,#N/A,8.33558138,0.00756,#N/A,6.733834935,9.571246218,8.379040347,8.379040347,9.809325587,-0.799617079,1.019375,-1.165,0.236,-0.707813445,0.052968597,4.760813445,-1.019804201,3.11905
1971-4,23.092,3.322263788,5.933,5.533,4.75,-0.723,5.89,5.960983607,5.793114754,5.387868852,#N/A,4.720819672,10.68418069,7.010890284,7.010890284,3.70509155,#N/A,#N/A,4.905665557,0.00763,#N/A,3.647068049,7.862019417,5.889128825,5.889128825,8.599221487,-1.343648014,1.18754098,-0.733,-0.593,-0.5651816,-0.47361154,3.8851816,-0.962490482,3.14173
1972-1,23.443,6.034282267,5.767,6.333,3.546666667,-1.21,6.033333333,5.984444444,5.721269841,5.321587302,#N/A,4.413015873,11.86045586,8.657244352,8.657244352,7.7683601,#N/A,#N/A,7.466599882,0.0069,#N/A,8.000331966,10.2922207,8.580964371,8.580964371,11.89410733,-0.323893557,2.46460317,2.71,0.143,2.834156716,1.015515107,3.195843284,-1.365526504,3.17567
1972-2,23.589,2.483423524,5.7,5.6,4.3,0.76,6.143333333,6.11296875,5.970625,5.6821875,#N/A,4.8409375,9.890937901,7.189409713,7.189409713,6.492169849,#N/A,#N/A,6.957557551,0.00615,#N/A,6.377331987,7.913077847,6.749926262,6.749926262,9.077593121,1.127291117,1.83625,-3.548,0.11,-2.921317409,1.46390314,5.403317409,-0.282457002,3.19597
1972-3,23.815,3.81405303,5.567,5.6,4.743333333,0.44,6.29,6.237301587,6.077460317,5.872222222,#N/A,5.148888889,13.24081314,9.582467542,9.582467542,8.274229339,#N/A,#N/A,7.366836568,0.00726,#N/A,8.274219096,10.33912452,8.952166438,8.952166438,9.854500165,1.263356032,1.55936508,1.33,0.147,1.133564667,0.252077064,2.678435333,1.142965249,3.22197
1972-4,24.118,5.057126171,5.367,4.933,5.146666667,0.403,6.373333333,6.244833333,6.152333333,6.001,#N/A,5.437833333,13.06837485,9.971295743,9.971295743,9.675907389,#N/A,#N/A,9.057935629,0.01077,#N/A,9.729922717,10.87790283,9.869980511,9.869980511,10.85579969,2.125989682,1.22166667,1.259,0.083,1.256206191,1.010168327,3.814793809,1.316375938,3.24932
1973-1,24.396,4.584293901,4.933,5.433,6.536666667,1.394,6.603333333,6.572096774,6.580806452,6.568870968,#N/A,6.317903226,9.389167912,6.241543229,6.241543229,7.91469672,#N/A,-0.037977243,10.08667291,0.00855,#N/A,7.968021616,7.871769097,6.9366727,6.9366727,9.470294317,3.794128291,0.08983871,-0.49,0.23,-0.364534064,1.882029296,4.945534064,2.17249973,3.29785
1973-2,24.771,6.101771868,4.933,4.867,7.816666667,1.28,6.806666667,6.768571429,6.723968254,6.815396825,#N/A,7.016666667,6.521132335,3.533204279,3.533204279,4.685188788,#N/A,-0.055989162,7.893115883,0.00734,#N/A,4.632321046,4.698967733,3.763586471,3.763586471,6.766670324,4.028986543,-1.0160317,1.517,0.204,1.315546298,0.601147562,4.782453702,3.73765505,3.42705
1973-3,25.254,7.724377965,4.8,4.8,10.56,2.743,7.206666667,7.29031746,7.357301587,7.57952381,#N/A,8.522380952,5.574333365,2.680959826,2.680959826,4.579209631,#N/A,-0.272473852,8.385629492,0.00839,#N/A,4.526861228,3.76232276,3.082576124,3.082576124,6.175907365,2.59608734,-3.3046032,1.621,0.4,1.578929362,-1.002641989,6.140070638,3.932294059,3.43877
1973-4,25.757,7.888750324,4.767,4.467,9.996666667,-0.563,6.753333333,6.814,6.828166667,6.873166667,#N/A,7.414,5.120980328,2.186420065,2.186420065,5.038627035,#N/A,0.095003535,6.522847118,0.00918,#N/A,5.03866811,3.494583968,2.784778906,2.784778906,5.673780105,2.671052852,-3.2308333,0.165,-0.454,0.321756944,0.577764508,7.562243056,2.443098801,3.48679
1974-1,26.243,7.477140793,5.133,5.6,9.323333333,-0.674,7.053333333,7.048032787,7.035081967,7.037213115,#N/A,7.378852459,7.313955959,4.337310244,4.337310244,6.537169632,#N/A,0.032098055,8.88842532,0.00558,#N/A,6.473456263,5.64126045,4.750341353,4.750341353,6.743230909,0.901242543,-2.2755738,-0.396,0.3,-0.173874639,-1.323367926,7.661874639,2.559025929,3.50123
1974-2,26.863,9.340235318,5.2,5.067,11.25,1.927,7.543333333,7.865714286,8.066507937,8.156825397,#N/A,8.693015873,4.797635733,2.954851425,3.021754109,3.752138075,#N/A,0.27449008,10.07285683,0.00608,#N/A,3.762391015,3.559102431,3.123968403,3.123968403,4.73622593,0.262078583,-3.6528571,1.846,0.49,2.183524878,-0.349848644,7.150475122,0.904717214,3.49148
1974-3,27.65,11.55034115,5.633,5.567,12.09,0.84,7.963333333,8.28375,8.4628125,8.49578125,#N/A,9.015,4.258664509,3.309383379,3.330946912,3.519883902,#N/A,0.956244477,7.83149324,0.00586,#N/A,3.647123209,3.496428971,3.291171467,3.295737857,6.052372278,-1.531089497,-4.11625,2.224,0.42,2.806686936,-1.45079715,8.751313064,0.148651092,3.42012
1974-4,28.463,11.5917081,6.6,6.133,9.346666667,-2.743,7.67,7.661803279,7.65557377,7.622622951,#N/A,7.676065574,6.074096595,5.382774223,5.425226619,4.808104009,#N/A,1.055219517,8.362632499,0.00653,#N/A,4.796527948,5.169765027,4.972388067,4.981460292,5.157343574,-2.729001607,-1.6280328,0.04,-0.293,1.108864591,-0.906469165,10.48913541,-1.665588842,3.34041
1975-1,29.11,8.990703819,8.267,9.067,6.303333333,-3.044,7.54,7.446333333,7.283666667,6.9145,#N/A,6.3355,7.559882339,6.94465644,6.963843707,2.479497456,#N/A,0.457565967,5.28893721,0.00628,#N/A,2.328310974,5.856835087,5.447898319,5.452225142,6.161368241,-4.684145819,1.239,-2.613,-0.13,-1.233487824,-1.874621458,10.21848782,-2.722472515,3.22287
1975-2,29.543,5.90602856,8.867,8.667,5.42,-0.883,8.05,7.9025,7.74328125,7.44640625,#N/A,6.5328125,14.39508633,12.33336008,12.37037898,6.012980766,#N/A,0.251310767,6.287209675,0.00615,#N/A,5.899692488,11.03585468,10.15246766,10.16035856,11.65284046,-4.75061589,2.62578125,-3.083,0.51,-1.797063044,-0.250184237,7.699063044,-4.46803556,3.12703
1975-3,30.065,7.005950134,8.467,8.333,6.16,0.74,8.296666667,8.246875,8.20125,8.04890625,#N/A,7.51515625,14.31558824,12.30740307,12.36220159,7.426453489,#N/A,0.240816233,6.057649581,0.00705,#N/A,7.400076427,11.43037246,10.78903793,10.81454812,11.95544201,-3.862494222,2.14828125,1.099,0.247,1.897049322,0.645514026,5.103950678,-4.522862784,3.07628
1975-4,30.568,6.636802261,8.3,7.8,5.413333333,-0.747,8.063333333,7.989672131,7.848196721,7.576393443,#N/A,6.695245902,9.540531988,7.392817826,7.42795767,2.709024834,#N/A,0.058670927,5.609410047,0.0093,#N/A,2.51678256,6.602112758,5.991166792,6.004105419,7.632913346,-3.309590647,2.65245902,-0.368,-0.234,0.51075992,0.408992985,6.12224008,-3.770031859,3.05628
1976-1,30.891,4.204467679,7.733,8.533,4.826666667,-0.586,7.753333333,7.678225806,7.466451613,7.063225806,#N/A,5.985806452,12.51364716,12.39684074,12.35002656,5.822653646,#N/A,-0.122067692,5.099105916,0.00855,#N/A,5.572191733,10.25629531,10.09242863,10.08135942,10.79400394,-1.880203502,2.93983871,-2.418,-0.31,-1.590153174,1.286356676,5.805153174,-3.239143518,3.02542
1976-2,31.202,4.006926393,7.567,7.4,5.196666667,0.37,7.773333333,7.654603175,7.483650794,7.141428571,#N/A,6.283809524,11.83510804,11.520978,11.51444269,6.777895723,#N/A,-0.082041799,8.489036691,0.00738,#N/A,6.484034449,9.862706309,9.695863854,9.693438276,10.44051884,-1.913463137,2.57126984,-0.211,0.02,0.110659105,-0.124210212,3.893340895,-1.863052302,3.0597
1976-3,31.605,5.13325624,7.733,7.6,5.283333333,0.086,7.73,7.5640625,7.30796875,6.8775,6.6325,6.015625,10.48889694,7.756475726,7.788738679,4.039078412,#N/A,-0.147862768,5.562656873,0.00826,#N/A,3.577379088,7.17017654,6.164979558,6.176506613,7.193862308,-2.14330081,2.44828125,1.139,-0.043,1.396998264,-0.286075858,3.746001736,-1.914678302,3.12721
1976-4,32.172,7.112469247,7.767,7.333,4.873333333,-0.41,7.19,6.779836066,6.446065574,5.988032787,5.710819672,5.215901639,14.23485035,12.67318674,12.73603404,7.081397602,#N/A,-0.167980639,6.636853845,0.00947,#N/A,6.661147423,11.11121506,10.31886666,10.34225622,9.562111934,-2.207577756,2.30754098,1.952,-0.54,2.428112277,-0.12197586,4.666887723,-2.126319974,3.15177
1977-1,32.69,6.389084678,7.5,8.233,4.66,-0.213,7.353333333,7.096825397,6.783650794,6.37952381,6.024761905,5.420634921,13.37200746,12.2495941,12.32583195,9.493807884,#N/A,-0.237858141,7.447794989,0.00861,#N/A,9.081788532,11.42547396,10.87421669,10.91268187,10.90141421,-1.84843849,2.67984127,-0.698,0.163,0.169247996,0.277108468,6.227752004,-2.157450624,3.23194
1977-2,33.151,5.601464541,7.133,6.933,5.156666667,0.497,7.37,7.139365079,6.828730159,6.416507937,6.117777778,5.7,10.62973822,7.861741136,7.870889936,7.763938921,#N/A,-0.26358641,7.67638044,0.00698,#N/A,7.541797301,8.700601596,7.707640834,7.712896369,9.152375004,-0.757733748,2.19968254,-0.799,0.017,-0.071620107,1.014546808,5.669620107,-1.794420015,3.28136
1977-3,33.554,4.833279704,6.9,6.8,5.82,0.663,7.356666667,7.191269841,6.976825397,6.71968254,6.544126984,6.291428571,9.105800573,6.998821415,6.958728721,6.253384265,#N/A,-0.170104005,9.068116081,0.00865,#N/A,5.929026049,7.218204711,6.524323719,6.504655476,7.101525481,0.201879387,1.52222222,-0.756,-0.013,-0.296500882,0.959126603,5.138500882,-0.774715926,3.3039
1977-4,34.279,8.550736171,6.667,6.3,6.513333333,0.693,7.596666667,7.498833333,7.3815,7.239166667,7.142333333,6.959166667,8.19600213,7.447721718,7.489719995,7.742573651,#N/A,-0.201924486,8.261711319,0.00807,#N/A,7.501716665,7.48436436,7.326483447,7.343338672,8.133238315,-0.635617301,1.08366667,3.703,0.24,3.900494367,-0.754760759,4.644505633,0.106842387,3.36603
1978-1,34.778,5.780832474,6.333,6.867,6.756666667,0.244,8.01,7.916557377,7.818688525,7.658852459,7.541311475,7.309180328,7.399381596,6.4808769,6.729883039,8.351201662,#N/A,-0.337720996,9.507491922,0.0086,#N/A,8.060497096,6.962516364,6.774036539,6.878193999,8.0266222,-1.168497008,1.22557377,-2.768,0.413,-1.881775087,-0.438280564,7.658775087,-0.734399728,3.42555
1978-2,35.443,7.576307723,6,5.833,7.283333333,0.526,8.32,8.241269841,8.176984127,8.082063492,8.004285714,7.79984127,7.397344431,5.558291755,5.848312274,9.812108948,#N/A,-0.334791359,9.064631573,0.00654,#N/A,9.654017051,6.848720807,6.513941558,6.628874686,7.60254831,1.765571954,1.03206349,1.795,0.31,2.197403726,2.966404463,5.374596274,-1.233456951,3.46373
1978-3,36.044,6.725856842,6.033,6,8.1,0.817,8.49,8.445238095,8.427936508,8.420634921,8.468730159,8.441111111,7.382962997,1.196804168,1.50759866,6.804258059,#N/A,-0.355055512,8.416567934,0.00659,#N/A,6.749384833,3.632406266,2.37968859,2.496183414,4.632930914,1.886663319,0.38111111,-0.839,0.17,-0.371346798,0.360016628,7.104346798,1.48497279,3.5263
1978-4,36.782,8.107272282,5.9,5.567,9.583333333,1.483,8.82,8.821147541,8.840819672,8.99295082,9.323442623,9.804262295,7.406152168,0.204358339,0.516927487,6.277901389,#N/A,-0.370322704,7.955197189,0.00687,#N/A,5.432027257,2.164088374,0.6879653,0.806784473,4.354782538,2.341052004,-0.7613115,1.38,0.33,1.624437093,0.75925938,6.488562907,1.550859505,3.56083
1979-1,37.452,7.2206072,5.867,6.3,10.07333333,0.49,9.106666667,9.135645161,9.182580645,9.394193548,9.793387097,10.30435484,5.823880056,-5.777816676,-5.358207929,5.589285165,#N/A,-0.245434561,5.484106991,0.00626,#N/A,3.705111142,-3.515518995,-5.705829809,-5.59212325,-0.939867665,1.599354225,-0.9669355,-0.897,0.287,-0.547343314,-0.283893869,7.763343314,1.906606479,3.62798
1979-2,38.37,9.686316473,5.7,5.567,10.18,0.107,9.113333333,9.097580645,9.109677419,9.266612903,9.591290323,9.93483871,9.373973331,2.305298616,3.113348129,10.9495888,#N/A,-0.216653397,6.308610473,0.00591,#N/A,9.726542134,3.30732454,1.848664138,2.044361701,5.073561357,0.827871356,-1.0630645,2.464,0.006,2.665815295,-0.321005682,7.014184705,1.232520163,3.47639
1979-3,39.208,8.641961339,5.867,5.833,10.94666667,0.767,9.103333333,9.104603175,9.111111111,9.237936508,9.531904762,10.12873016,9.353111995,6.416240733,7.238604776,8.654569012,#N/A,-0.235472436,8.852375583,0.00689,#N/A,7.863028091,5.390043633,4.500082969,4.710166491,6.123637614,0.688778739,-1.8266667,-1.023,-0.01,-0.32424382,0.343251327,8.98124382,0.542571063,3.51269
1979-4,39.936,7.358946056,5.967,5.633,13.57666667,2.63,10.44666667,10.55442623,10.65081967,10.94360656,11.55639344,12.27606557,5.907038836,-5.513645389,-4.571300627,2.843738664,#N/A,-0.217952187,8.86089312,0.00998,#N/A,2.653913106,-4.278524345,-7.016272308,-6.730557254,-2.763269674,0.193033882,-3.1509836,-1.303,1.344,-0.846749362,-0.064384381,8.200749362,0.481346917,2.97333
1980-1,40.775,8.316390304,6.3,6.767,15.04666667,1.47,11.98666667,12.06516129,12.23467742,12.55322581,13.23370968,13.90241935,6.948389788,-1.50545906,-0.532039825,7.245507285,#N/A,-0.040792528,7.683373808,0.00666,#N/A,6.968608851,-2.074775202,-4.265288162,-4.02517451,-0.283852737,-0.174352878,-3.0464516,0.957,1.54,1.013912502,0.200163762,7.297087498,-0.098548993,2.72551
1980-2,41.745,9.404214056,7.333,7.2,12.68666667,-2.36,10.47666667,10.34365079,10.33365079,10.12619048,10.22666667,10.2815873,5.906457087,-8.472037515,-7.252672472,-2.273907933,#N/A,-0.206705475,5.317676442,0.00587,#N/A,-2.893035776,-7.272525668,-11.00543061,-10.85837197,-3.955560431,-2.827813144,-2.087619,1.097,-1.51,1.242794102,-1.99341322,8.165205898,-0.480110795,2.44826
1980-3,42.678,8.841552533,7.667,7.567,9.836666667,-2.85,10.95333333,10.76828125,10.64421875,10.47171875,10.35625,10.11359375,11.90804168,22.74172213,24.44676973,13.68728859,#N/A,-0.001398422,9.502256269,0.00938,#N/A,12.40483955,14.79459185,18.00951903,18.20691021,15.20411626,-3.469294326,1.18171875,-0.572,0.476,0.14921053,-0.274633627,8.68678947,-2.798965469,2.17368
1980-4,43.79,10.28876633,7.4,7.033,15.85333333,6.016,12.42333333,12.48311475,12.63245902,12.96196721,13.20278689,13.8152459,8.404985077,5.507884667,4.489652802,9.958473288,#N/A,0.103554814,8.935468973,0.01448,#N/A,8.764045737,5.639605332,4.916420692,4.540842677,6.784674502,-2.228439808,-3.4706557,1.455,1.47,2.331552514,1.456993521,7.959447486,-3.212721464,2.28196
1981-1,44.943,10.39581576,7.433,7.967,16.57,0.717,12.96,13.05098361,13.18983607,13.37934426,13.56655738,14.09262295,6.786714149,-8.738174488,-7.380034578,5.466466025,#N/A,0.164475478,2.634392453,0.01256,#N/A,-0.861706863,-9.578279735,-14.89513872,-14.69892195,-4.13321974,-0.934688266,-3.5468852,0.107,0.537,0.696955588,1.935291289,9.701044412,-2.29183685,2.50368
1981-2,45.834,7.852461434,7.4,7.267,17.78,1.21,13.75,13.92793651,14.17904762,14.47587302,14.68968254,15.10460317,10.67444303,11.64399323,13.0939967,10.21305084,#N/A,0.440887997,8.075531331,0.0095,#N/A,6.224762893,2.195068465,1.16173663,1.384991774,4.521722776,-2.322857594,-4.0266667,-2.551,0.79,-2.102812742,-0.691125444,9.949812742,-1.004519292,2.66942
1981-3,46.696,7.452933646,7.4,7.267,17.57666667,-0.203,14.84666667,15.111875,15.41796875,15.78,16.0215625,16.310625,7.026848297,4.341787159,5.56139279,1.094563054,#N/A,0.374625292,5.401213273,0.01323,#N/A,-0.040331086,-2.542586139,-4.108466696,-3.879885107,0.201556447,-1.842342201,-2.8473438,-0.39,1.097,-0.39583374,1.162886657,7.85283374,-2.328047271,2.7987
1981-4,47.503,6.853743616,8.233,7.9,13.58666667,-3.99,14.08666667,14.15213115,14.15590164,14.13196721,13.9452459,13.59114754,10.19519815,8.573749167,12.1849808,4.842523834,#N/A,0.485241781,4.692617017,0.01216,#N/A,3.586639544,0.325976395,-0.908147486,-0.303690779,2.430452391,-3.618794705,0.5247541,-0.599,-0.76,-0.701657151,-1.109843829,7.559657151,-1.812771116,2.92332
1982-1,48.157,5.469455904,8.833,9.5,14.22666667,0.64,14.29333333,14.3295082,14.36262295,14.47344262,14.50245902,14.30163934,8.952653505,10.84690803,11.04993104,9.422244546,#N/A,0.745316847,7.483839558,0.01418,#N/A,7.883399884,6.495607474,6.447208052,6.397397367,8.168917753,-5.825982365,0.0247541,-1.392,0.206,-1.169787547,-1.927179051,6.635787547,-3.262333702,3.0038
1982-2,48.783,5.166153924,9.433,9.367,14.51333333,0.286,13.93,14.06015873,14.07206349,14.1552381,14.15920635,13.80746032,8.455593373,5.140700693,5.486387149,4.19699571,#N/A,0.777350296,7.521640528,0.013,#N/A,2.933178202,3.219857335,2.083294917,2.16574952,5.080912506,-6.115938996,-0.5993651,-0.303,-0.363,-0.208934344,-0.093882199,5.371934344,-5.439477891,3.05412
1982-3,49.475,5.634239991,9.9,9.7,11.00666667,-3.506,13.11666667,13.1884375,13.1028125,12.88140625,12.62984375,11.833125,6.542712624,5.695081914,8.70869391,4.448444424,#N/A,0.381440844,7.712289308,0.0141,#N/A,3.561300688,3.667154913,3.112338972,3.852838103,5.798861029,-7.194934299,2.14234375,0.468,-0.813,0.511671389,-0.900284217,5.119328611,-5.779452282,3.09163
1982-4,49.987,4.118192053,10.667,10.267,9.286666667,-1.72,10.66666667,10.62786885,10.46114754,10.15557377,9.876065574,9.12,8.876230724,21.95044372,22.19599654,15.75860616,#N/A,0.473835111,10.71096542,0.0179,#N/A,12.8911677,11.00277476,14.0284804,14.13342023,11.15635417,-7.880963859,1.35754098,-1.507,-2.45,-1.026733407,-0.746208098,5.150733407,-6.680141212,3.1276
1983-1,50.364,3.005465007,10.367,11.167,8.653333333,-0.634,10.56333333,10.40269841,10.11666667,9.794920635,9.540634921,8.866507937,21.47247845,72.86784036,68.90614596,11.54154607,#N/A,0.242917001,9.935825469,0.02041,#N/A,8.801027678,1.347939939,11.53327813,10.9684988,2.37301313,-7.387777105,1.89492063,-1.113,-0.104,-0.721751275,0.336014192,3.732751275,-7.289464889,3.10115
1983-2,50.739,2.967284608,10.133,10,8.803333333,0.15,10.54333333,10.48,10.23761905,9.923015873,9.756031746,9.190952381,10.17200127,26.83513875,24.9117978,12.234365,#N/A,-0.013494471,12.37003464,0.02141,#N/A,9.552727603,5.213792638,9.09231337,8.488391551,6.538818224,-6.023512824,1.72587302,-0.054,-0.02,0.145047369,1.215884075,2.811952631,-6.802709861,3.15103
1983-3,51.278,4.226785853,9.367,9.133,9.46,0.657,11.62666667,11.58515625,11.43140625,11.10171875,10.85796875,10.3028125,6.271995807,5.584205198,4.766495979,8.955893712,#N/A,-0.163161087,9.449652638,0.02269,#N/A,7.528983809,4.776269899,4.639378004,4.27412848,5.10634069,-4.912807102,2.17296875,1.275,1.084,1.347883831,1.050583767,2.884116169,-5.515219226,3.21751
1983-4,51.667,3.022987821,8.533,8.167,9.43,-0.03,11.68666667,11.62,11.41283333,10.9885,10.6935,9.953333333,7.205680197,1.568453164,1.463445814,6.863897499,#N/A,-0.021072046,9.566212983,0.02563,#N/A,5.23271654,3.544510744,1.866347792,1.816026521,4.145716706,-3.73228797,2.24366667,-1.211,0.06,-1.040639687,1.233775,4.061639687,-4.492029142,3.32354
1984-1,52.19,4.028650325,7.867,8.433,9.686666667,0.257,11.94333333,11.86758065,11.65225806,11.19967742,10.92467742,10.18887097,8.527109672,5.613745098,6.077232908,6.722847327,#N/A,-0.055422231,8.695187335,0.03767,#N/A,5.831326264,4.840021076,3.739897502,3.947104264,6.207712438,-2.765740715,2.2466129,1.005,0.256,0.863570235,1.151076204,3.162429765,-3.342018564,3.74759
1984-2,52.636,3.403756253,7.433,7.4,10.55666667,0.87,13.2,13.16222222,13.01968254,12.65031746,12.36666667,11.56047619,8.518571513,7.258312776,7.747078197,6.984125611,#N/A,-0.144455529,8.210289771,0.03047,#N/A,5.550609415,5.607823121,4.944736574,5.180468749,7.76567071,-1.947717606,2.5752381,-0.617,1.257,-0.676077813,0.983550148,4.085077813,-2.348307857,3.50106
1984-3,53.104,3.540783476,7.433,7.3,11.39,0.833,12.86666667,12.90412698,12.83539683,12.6431746,12.51285714,11.81698413,5.25358437,-1.383030259,-1.057421865,3.237683344,#N/A,-0.028107364,5.569287424,0.03364,#N/A,2.56895429,1.107637437,-0.687794857,-0.557933191,3.205730273,-1.876883991,1.45285714,0.13,-0.333,-0.17059027,0.314292235,3.70959027,-1.609300518,3.54893
1984-4,53.501,2.979236135,7.3,6.967,9.266666667,-2.123,11.74333333,11.72098361,11.50672131,11.13098361,10.83868852,10.04704918,8.765208604,6.410439814,10.23135192,4.357714927,#N/A,-0.130585654,4.344655194,0.03499,#N/A,3.286218411,3.301343959,2.321736874,3.587798056,4.423276885,-1.950998298,2.4895082,-0.554,-1.124,-0.898669242,0.206907569,3.883669242,-1.58834234,3.57227
1985-1,54.03,3.935641016,7.233,7.767,8.476666667,-0.79,11.58333333,11.513,11.19783333,10.683,10.275,9.398333333,11.85749514,18.6916389,19.37904026,10.66729883,#N/A,-0.084848412,6.678006674,0.03618,#N/A,8.486244955,9.139306631,10.43627096,10.74649449,9.683167659,-1.876486565,3.112,0.948,-0.16,0.667955575,0.211979175,3.265044425,-1.554269263,3.55377
1985-2,54.378,2.568084978,7.3,7.2,7.923333333,-0.554,10.81333333,10.72412698,10.32555556,9.773650794,9.401587302,8.48047619,7.016244313,10.20513929,10.66386401,9.511429104,#N/A,-0.108422511,8.024390195,0.03563,#N/A,7.492708908,6.858518396,7.652378773,7.858093539,6.901053278,-1.882674663,2.86793651,-1.367,-0.77,-1.417554272,0.081327552,3.983554272,-1.47875416,3.53168
1985-3,54.706,2.40549293,7.2,7.067,7.9,-0.023,10.33666667,10.19619048,9.771428571,9.281587302,8.896031746,7.986031746,8.404296091,14.38229945,13.80653293,13.83370719,#N/A,0.07350443,10.69425972,0.03358,#N/A,11.67882256,10.31365844,12.27523897,12.02415568,9.888661773,-1.250564645,2.41111111,-0.162,-0.476,-0.416587462,0.673623033,2.820587462,-1.495716819,3.49362
1985-4,55.012,2.23118025,7.033,6.733,8.103333333,0.203,9.76,9.62016129,9.236774194,8.845967742,8.534516129,7.856451613,5.850671079,9.612331561,8.839780979,11.28947165,#N/A,0.141381152,8.769281197,0.03497,#N/A,9.238954902,7.667933223,9.020174626,8.675427006,8.347646823,-1.368750547,1.59596774,-0.174,-0.577,-0.500690859,-0.061359034,2.730690859,-0.948511484,3.44133
1986-1,55.286,1.987347467,7.033,7.533,7.826666667,-0.276,8.556666667,8.432166667,8.1655,7.941833333,7.777666667,7.458833333,5.882930009,6.890296871,7.565949822,8.667238742,2.452666667,0.199530326,5.470541318,0.03891,#N/A,6.975939322,6.165737345,6.49780917,6.793670817,6.794489405,-1.286271599,0.768,-0.244,-1.203,-0.603281399,0.148820612,2.589281399,-1.136645494,3.38242
1986-2,55.495,1.509285874,7.167,7.1,6.92,-0.907,7.603333333,7.516875,7.39984375,7.174375,6.9778125,6.6046875,10.43489681,16.21941651,17.62799174,15.33954298,2.67265625,0.183531203,10.45490725,0.0301,#N/A,12.64800368,11.71739475,13.78472761,14.40157397,11.21940324,-1.665670029,0.64,-0.47,-0.954,-0.854867185,-0.330618701,2.370867185,-1.099963782,3.3378
1986-3,55.723,1.640024596,6.967,6.833,6.206666667,-0.713,7.306666667,7.1703125,6.93015625,6.66265625,6.4496875,5.99515625,9.85740039,17.28230534,18.06398271,16.60388747,2.87703125,0.575915051,10.61885812,0.02528,#N/A,12.77947233,11.66012322,14.50267476,14.961952,12.19969495,-1.540625473,1.0821875,0.116,-0.296,-0.252702671,0.102908335,1.884702671,-1.469101147,3.30144
1986-4,56.026,2.169152243,6.833,6.5,6.266666667,0.06,7.263333333,7.098064516,6.751935484,6.487580645,6.275806452,5.797903226,8.758819467,16.95021658,16.58768252,17.03530373,2.828064516,0.60753402,10.94036349,0.027,#N/A,12.58360294,10.54381737,13.97577987,13.80580118,9.614183127,-1.818091165,0.85193548,0.543,-0.044,0.244022618,-0.330804171,1.930977382,-1.370360078,3.27102
1987-1,56.382,2.533635971,6.6,7.133,6.22,-0.047,7.193333333,7.015409836,6.740983607,6.519180328,6.351147541,5.926557377,6.278166749,11.43699439,10.68598395,12.90942422,2.466393443,0.52549712,9.746036244,0.03066,#N/A,8.397598052,6.993292355,9.131000709,8.762103331,6.869455583,-1.880968732,1.03983607,0.357,-0.07,0.178504133,-0.126857332,2.353495867,-1.69329727,3.22528
1987-2,56.773,2.764360788,6.267,6.2,6.65,0.43,8.343333333,8.188253968,7.946190476,7.717777778,7.45,6.764444444,3.386432309,5.525326004,5.426569011,6.90233045,2.016984127,0.005542217,7.922641213,0.029,#N/A,4.696255694,3.592213273,4.569625158,4.530521137,5.010816028,-1.609313121,1.6747619,0.231,1.15,0.130417628,0.202714446,2.632582372,-1.805028938,3.18633
1987-3,57.202,3.011200884,6,5.867,6.843333333,0.193,8.876666667,8.69796875,8.418125,8.13828125,7.84,7.11859375,2.469750501,-0.645682142,-0.298079883,0.465491056,2.0309375,0.257142694,4.660764289,0.02519,#N/A,-0.804987676,0.424193717,-0.932247119,-0.78590747,1.951331707,-1.533918984,2.0021875,0.253,0.534,0.145638876,0.041755569,2.870361124,-1.622539127,3.14891
1987-4,57.658,3.176057083,5.833,5.567,6.916666667,0.074,9.123333333,8.966935484,8.632419355,8.296612903,7.99,7.251612903,4.440580942,-1.071491335,-0.265146503,4.289155911,2.250322581,-0.17551672,8.487001688,0.0275,#N/A,4.26363851,2.876420954,0.693265845,0.988477631,4.084664058,-0.625388849,2.21822581,0.158,0.246,0.080744981,0.893650841,3.093255019,-1.61350993,3.13604
1988-1,58.11,3.123504228,5.7,6.133,6.663333333,-0.254,8.416666667,8.223548387,7.90016129,7.572903226,7.351612903,6.771612903,6.955637342,1.65473364,3.012301196,2.839956366,2.329032258,-0.04148357,5.743319127,0.03153,#N/A,1.829948889,3.626347492,1.524623708,2.033316502,4.267811573,-0.881823637,1.74564516,-0.052,-0.706,-0.172104779,-0.223280662,3.294104779,-0.802129416,3.09482
1988-2,58.676,3.877207415,5.467,5.4,7.156666667,0.494,8.91,8.735873016,8.425714286,8.101428571,7.877301587,7.305873016,7.667231226,6.018568303,5.126598652,7.384074897,2.07,0.062833162,9.109512254,0.02541,#N/A,5.949649933,6.396765474,5.702707499,5.348006375,7.681928723,-0.350326084,1.74079365,0.753,0.493,0.665928276,0.53829871,3.209071724,-1.077915704,3.0822
1988-3,59.377,4.750464549,5.467,5.367,7.983333333,0.826,9.1,8.975625,8.76859375,8.6021875,8.46515625,8.015,3.67532873,1.276048746,0.603793299,5.194544233,1.97515625,0.077099924,7.344990785,0.02604,#N/A,4.27556612,3.108452681,2.044454829,1.756151967,3.747772961,-0.527949007,1.11796875,0.879,0.19,0.855149799,-0.11266409,3.898850201,-0.647032322,3.0505
1988-4,59.89,3.441040111,5.333,5.067,8.47,0.487,8.956666667,8.90704918,8.802131148,8.762295082,8.709180328,8.533442623,3.489662264,-1.494818514,-1.032845363,1.105607406,1.55704918,0.379121551,5.138494544,0.03005,#N/A,1.000215702,1.330883102,-0.920497647,-0.783354177,3.643554541,0.0381312,0.47737705,-1.308,-0.143,-1.216245642,0.666673764,4.662245642,-0.903483526,3.02492
1989-1,60.515,4.152688766,5.2,5.6,9.443333333,0.973,9.206666667,9.274262295,9.318360656,9.382131148,9.418360656,9.300163934,2.228020026,-3.502889929,-3.475328891,-0.407868498,1.433770492,0.4208029,2.802277912,0.03152,#N/A,-0.432567705,-0.366097181,-3.101217874,-3.095752466,2.053167877,0.303204941,-0.2652459,0.697,0.25,0.472998538,0.415493965,3.670001462,-0.428588981,2.98737
1989-2,61.159,4.234304872,5.233,5.2,9.726666667,0.284,8.773333333,8.7984375,8.8178125,8.9,8.943125,8.9134375,2.746681453,-5.452372558,-3.836865018,-4.239174757,1.604375,0.594250421,4.077057859,0.02728,#N/A,-3.434451721,-2.178060734,-5.765921392,-5.404434337,-0.737019784,0.326698414,-0.971875,0.095,-0.434,-0.091794775,0.233131873,4.329794775,-0.271531786,2.94779
1989-3,61.606,2.912895209,5.233,5.167,9.083333333,-0.644,8.106666667,8.090634921,8.033015873,8.076825397,8.085873016,8.103809524,7.612686519,5.804045181,7.455262404,1.800298802,1.779206349,0.781022996,3.300285033,0.02851,-16.24762073,1.621284797,4.218553217,3.124294671,3.456811425,2.500263894,0.338080252,-0.9730159,-1.327,-0.666,-1.515788469,0.237819256,4.426788469,-0.311118195,2.90721
1989-4,62.045,2.840263933,5.367,5.1,8.613333333,-0.47,7.906666667,7.912580645,7.842741935,7.864677419,7.851774194,7.829516129,7.759975258,10.33505067,10.07998127,4.964361579,1.905483871,0.621766826,4.726884121,0.02906,-3.906946924,3.891164755,6.625360622,7.104215251,7.087809256,5.737135162,-0.184094158,-0.7425806,-0.073,-0.2,-0.45331709,-0.327701454,3.29131709,-0.304243587,2.87452
1990-1,62.714,4.28991199,5.3,5.8,8.25,-0.363,8.423333333,8.442258065,8.383709677,8.385967742,8.36483871,8.131451613,5.754218369,8.24977101,8.127363337,4.63636973,1.67516129,0.399749771,6.53213133,0.0302,1.629444773,4.041204529,5.503321163,6.143249749,6.148075945,5.494257882,0.198271719,0.16096774,1.456,0.516,1.14053231,0.522584503,3.15346769,-0.808260734,2.81811
1990-2,63.416,4.452594934,5.333,5.3,8.243333333,-0.007,8.676666667,8.704285714,8.644285714,8.622857143,8.571111111,8.270952381,3.333352624,3.889310568,4.49127092,4.004935723,1.638730159,0.146285619,9.825345914,0.02594,10.22278272,3.601916059,4.048803912,4.192902785,4.361334873,4.198547588,-0.132352341,0.43650794,0.162,0.254,0.113228155,-0.170776684,4.342771845,-0.466610251,2.77108
1990-3,63.96,3.416676972,5.7,5.567,8.16,-0.083,8.703333333,8.624126984,8.424603175,8.248730159,8.098730159,7.828253968,4.352320956,5.487693656,6.326410614,4.423386838,1.706190476,-0.045522946,9.662367665,0.02733,11.22762908,5.541672441,5.063895418,5.229306753,5.44929211,6.434862876,-0.736735871,0.51714286,-1.042,0.026,-1.033607023,-0.45941883,4.447607023,-0.800257166,2.69405
1990-4,64.436,2.965838068,6.133,5.8,7.743333333,-0.417,8.396666667,8.3,8.035322581,7.767258065,7.606129032,7.313064516,2.976216408,3.672274405,5.5546023,3.37087508,2.197419355,0.30768326,9.778137218,0.03654,9.607903803,3.983184915,3.511578607,3.519800333,3.985369671,2.976249152,-2.283658186,0.62677419,-0.45,-0.306,-0.577977304,-1.43579492,3.541977304,-1.381337681,2.62444
1991-1,65.067,3.898010045,6.6,7.2,6.426666667,-1.316,8.016666667,7.905833333,7.652,7.2745,7.036,6.442,4.887465792,7.307464741,9.935948183,5.123730735,2.1865,0.342616718,10.97172171,0.08426,-2.906558054,4.687754959,5.29403306,5.938458663,6.658089275,5.197450966,-3.36375646,1.48183333,0.938,-0.38,0.87877271,-1.063254061,3.02322729,-2.833326622,2.57012
1991-2,65.545,2.92776856,6.833,6.733,5.863333333,-0.564,8.13,8.00703125,7.77484375,7.2421875,6.8940625,6.23796875,4.541354808,11.0454342,11.86949081,7.941454798,1.7959375,0.173655476,7.392567454,0.04506,12.21367407,6.390528883,6.680291882,9.26703315,9.554279004,3.392996009,-3.22168546,2.24390625,-0.976,0.113,-0.682134362,0.040824551,3.608134362,-3.789812238,2.51914
1991-3,66.057,3.112430408,6.867,6.633,5.643333333,-0.22,7.94,7.7975,7.501875,6.90328125,6.52109375,5.89515625,1.540814017,7.961720239,7.817729131,7.694487943,1.74015625,0.18259228,6.712438541,0.04297,13.23354716,6.010587723,3.451621503,6.154911939,6.156336391,3.696891941,-3.335904026,2.27046875,0.184,-0.19,0.330455659,-0.233421352,2.779544341,-3.615698437,2.48863
1991-4,66.449,2.366692187,7.1,6.7,4.816666667,-0.826,7.346666667,6.998870968,6.561612903,5.846129032,5.503709677,4.873870968,1.261667994,8.688364583,10.806448,9.809072144,2.056290323,0.191408443,7.994280864,0.04009,14.16309305,8.674436653,4.084468027,7.871421611,8.71482681,4.227921719,-3.600382277,2.49419355,-0.739,-0.593,-0.534721321,-0.390035173,2.905721321,-3.699578297,2.48775
1992-1,66.696,1.484097988,7.367,8.033,4.023333333,-0.794,7.303333333,6.979677419,6.59483871,5.774516129,5.293870968,4.364354839,3.443315861,15.19336631,16.60274082,16.14968463,1.894677419,0.075956007,8.637747969,0.03991,4.499448201,15.57782044,7.85001631,15.00749232,15.55764079,6.811160451,-3.053700492,3.2466129,-0.888,-0.044,-0.738338951,0.363162773,2.221338951,-3.880239449,2.4982
1992-2,67.097,2.397740992,7.6,7.5,3.77,-0.253,7.376666667,7.037142857,6.64984127,5.775238095,5.203174603,4.217777778,0.259118222,9.667641325,10.89054345,10.87417971,1.751587302,0.016308631,9.843374094,0.04828,6.148905265,10.52324012,4.061667378,9.607471236,10.17773116,4.69527076,-2.61865442,3.54619048,0.913,0.074,0.915920267,0.246574891,1.480079733,-3.291402061,2.52295
1992-3,67.425,1.950614175,7.633,7.467,3.256666667,-0.513,6.616666667,6.15,5.60796875,4.685625,4.15078125,3.42015625,0.443252459,7.560717182,9.600918307,10.57269233,2.08546875,0.067001963,10.64394835,0.04602,11.41550202,10.7449145,4.265434067,8.575551385,9.531255914,4.984044818,-2.287548271,3.29859375,-0.447,-0.76,-0.294551533,0.171580568,2.243551533,-2.834003562,2.5753
1992-4,67.889,2.743259788,7.367,7.033,3.036666667,-0.22,6.743333333,6.364677419,5.903225806,4.996290323,4.444677419,3.563870968,2.812786276,10.57695222,8.232073831,15.9906036,2.125322581,0.107037306,12.56236087,0.04476,15.94046859,15.63194575,7.053466866,12.06283108,10.69133916,4.6809277,-1.908446751,3.67774194,0.793,0.126,0.872840458,0.215368069,1.869159542,-2.442240863,2.60101
1993-1,68.27,2.238565174,7.133,7.733,3.04,0.003,6.28,5.910327869,5.466721311,4.622131148,4.133114754,3.400327869,-1.157878617,3.235756907,2.064136685,7.54911288,2.126885246,0.045791801,8.546354745,0.05145,12.20850602,7.292419949,1.439983194,4.349753711,3.595252625,0.623654871,-2.387575928,3.16114754,-0.505,-0.463,-0.297215687,-0.629773724,2.534215687,-2.020900242,2.62595
1993-2,68.676,2.371744714,7.067,6.967,3,-0.04,5.99,5.620793651,5.182857143,4.414603175,3.995714286,3.384126984,1.764717338,5.851422053,5.954761004,10.97527085,2.150952381,-0.00133035,10.54698285,0.03849,11.87438738,11.86304385,5.135600456,7.932491328,7.891943924,5.978563832,-2.473082408,2.96349206,0.133,-0.29,0.280844967,-0.258346041,2.089155033,-2.420667032,2.67225
1993-3,69.084,2.369344907,6.8,6.667,3.06,0.06,5.616666667,5.30265625,4.95140625,4.32015625,3.97390625,3.42515625,1.911736268,6.085023908,5.20677756,11.67027581,2.00765625,-0.030604671,11.34911128,0.03944,11.00813281,12.01130454,4.957403358,7.844089999,7.264477927,4.521554333,-2.665532299,2.52171875,0.004,-0.373,0.181329228,-0.368025721,2.192670772,-2.445931854,2.69419
1993-4,69.461,2.176915402,6.633,6.233,2.99,-0.07,5.606666667,5.333387097,4.977903226,4.408709677,4.085,3.528709677,2.368240193,5.675630433,5.810434344,10.08203993,1.941451613,-0.108158199,11.25407613,0.03844,12.44364889,10.44329364,4.848991063,7.146247935,7.156358237,5.464274639,-2.007526492,2.62306452,-0.198,-0.01,-0.014067362,0.47807677,2.190067362,-2.577063905,2.70864
1994-1,69.793,1.907309688,6.567,7.067,3.213333333,0.223,6.066666667,5.834354839,5.498387097,4.927258065,4.559677419,3.929677419,1.129033008,3.865960039,2.415709406,4.865148245,1.771774194,-0.342751374,9.465627938,0.04474,7.92879049,7.808847191,3.210549186,5.12944443,4.323968866,2.721549413,-1.725247178,2.84032258,-0.27,0.46,-0.171957962,0.13098101,2.077957962,-1.894842983,2.71195
1994-2,70.13,1.926777737,6.2,6.1,3.94,0.727,7.083333333,6.909032258,6.671612903,6.207258065,5.826774194,5.14483871,0.800678354,1.735168711,1.547883837,2.527210934,1.511774194,-0.30807734,8.029300017,0.03848,12.69554226,3.079141014,1.327586967,1.972092081,1.883159555,1.941265532,-1.0663306,3.12016129,0.02,1.016,0.026214763,0.536176367,1.899785237,-1.588040923,2.71102
1994-3,70.532,2.286337999,6,5.9,4.486666667,0.547,7.333333333,7.15421875,6.95515625,6.55421875,6.233125,5.60125,0.321352759,-1.685910053,-1.689312842,2.743080431,1.50984375,-0.333342912,7.098533303,0.04243,6.728449685,3.251098036,0.549014295,-0.684515147,-0.740840009,1.586337924,-1.164898155,2.81203125,0.365,0.25,0.265617126,-0.142936397,2.025382874,-0.952222805,2.73006
1994-4,70.915,2.16618768,5.633,5.267,5.166666667,0.68,7.836666667,7.738688525,7.634590164,7.402131148,7.162622951,6.605737705,-0.08031399,-4.154042496,-2.618607349,-0.162201306,1.367868852,-0.259666129,5.141771298,0.04084,8.49401907,0.953198291,-0.9026812,-3.47642717,-2.808858494,1.606852489,-0.71349108,2.65688525,-0.126,0.504,-0.196375985,0.433375369,2.361375985,-1.024057376,2.73328
1995-1,71.3,2.165740269,5.467,5.933,5.81,0.643,7.483333333,7.443225806,7.373548387,7.249516129,7.114516129,6.712580645,0.59241434,-6.356068598,-4.856610055,-0.73072092,1.398387097,-0.280151642,4.979447879,0.04808,5.076896214,-0.147695327,-1.611127187,-5.716767843,-5.140915916,1.437092177,-1.037442674,1.63370968,-0.006,-0.354,-0.189179412,-0.284658542,2.348179412,-0.581811305,2.72352
1995-2,71.642,1.914066699,5.667,5.633,6.02,0.21,6.62,6.479047619,6.379206349,6.228888889,6.131746032,5.954444444,3.759465469,-2.61780375,0.274203398,-0.778583399,1.616666667,-0.246804081,7.382240927,0.04,6.571811061,1.80753832,0.883829109,-2.492220812,-1.650705986,3.263531262,-1.417944987,0.57984127,-0.241,-0.863,-0.452302979,-0.309985077,2.370302979,-0.87762121,2.73238
1995-3,71.995,1.966071197,5.667,5.633,5.796666667,-0.223,6.323333333,6.255238095,6.092222222,5.966507937,5.861587302,5.66015873,6.983506651,6.697906037,8.567586722,-0.686875323,1.732698413,-0.2343298,2.667917306,0.05113,1.795231127,4.012549738,5.018057836,4.56524225,5.130373968,5.464457,-1.253764142,0.51761905,0.047,-0.297,-0.199412264,0.215122816,2.164412264,-1.192254372,2.72265
1995-4,72.342,1.923280481,5.567,5.233,5.72,-0.077,5.893333333,5.812419355,5.693064516,5.579032258,5.502903226,5.445645161,3.85918734,4.053769086,4.74656927,-3.981414058,1.745645161,-0.076332958,2.832704544,0.05634,2.373799909,3.385077525,3.397269168,3.415149909,3.629697839,3.194298998,-1.267621768,0.14645161,-0.043,-0.43,-0.280275843,0.02610136,2.202275843,-0.981013268,2.7631
1996-1,72.69,1.919580053,5.533,6.033,5.363333333,-0.357,5.91,5.791290323,5.572419355,5.381612903,5.27016129,5.126935484,4.904085289,6.063218083,7.505729159,-4.057105824,1.799032258,-0.261680274,3.028582699,0.06753,1.85957475,6.800075666,5.541905494,6.092002589,6.503340071,5.902804854,-1.218840757,0.51209677,0.002,0.017,-0.239067025,0.062382082,2.163067025,-0.955652141,2.78714
1996-2,72.991,1.652928952,5.5,5.433,5.243333333,-0.12,6.72,6.65140625,6.485,6.281875,6.11078125,5.656875,4.823125277,6.664441302,7.354489801,-0.964128363,1.580625,-0.311335002,4.279858679,0.06168,4.173998167,7.80166608,5.844542131,6.751566702,6.953936361,7.566975265,-0.30597483,1.43375,-0.272,0.81,-0.490664401,0.917426591,2.142664401,-0.878114239,2.93697
1996-3,73.23,1.307610879,5.267,5.233,5.306666667,0.064,6.78,6.66578125,6.53890625,6.35421875,6.1759375,5.78203125,3.759389189,4.277605037,6.26801714,-5.556061549,1.51359375,-0.372784699,6.39347038,0.07152,5.181896845,5.61144037,4.228303509,4.51163161,5.207009774,5.226016448,-0.193508223,1.43859375,-0.345,0.06,-0.676055222,0.166993379,1.983055222,0.013344258,3.12105
1996-4,73.621,2.13005522,5.333,4.967,5.28,-0.027,6.343333333,6.246290323,6.110806452,5.940645161,5.803709677,5.484677419,4.826882123,5.185043734,6.368537774,-7.279911945,1.568870968,-0.342310529,5.401620246,0.09353,5.113350911,5.838683889,4.820875,4.94575174,5.352157969,5.335072163,0.015040705,1.03467742,0.827,-0.437,0.417255591,0.275994611,1.716744409,0.145000982,3.29723
1997-1,74.06,2.378105745,5.233,5.7,5.276666667,-0.003,6.563333333,6.483833333,6.358666667,6.191,6.044666667,5.645833333,4.92223549,5.927757663,7.35346155,-2.221199599,1.509,-0.442635712,5.821246715,0.10451,2.699079384,5.932323943,5.18092056,5.591482368,6.058222453,5.8530212,-0.207254381,1.28216667,0.243,0.22,-0.032081813,-0.159016238,2.409081813,0.37114337,3.46398
1997-2,74.21,0.809334599,5,4.9,5.523333333,0.246,6.696666667,6.66203125,6.5703125,6.4240625,6.2759375,5.85203125,4.494953391,4.920709726,6.337890984,-4.817760496,1.489375,-0.500561548,5.357740682,0.1154,10.5273248,5.217258577,4.449108281,4.587101972,5.028957885,5.375230007,0.541406779,1.1440625,-1.568,0.134,-1.782393599,0.787234395,2.591393599,0.172336497,3.60361
1997-3,74.532,1.731860553,4.867,4.833,5.533333333,0.01,6.243333333,6.230625,6.12890625,6.01203125,5.90375,5.5434375,6.204528844,7.157378951,9.027249277,1.737095599,1.5165625,-0.543169601,6.012191805,0.13469,5.390111317,7.306543014,6.16939046,6.424770653,6.887528208,6.902140163,0.848909855,0.67453125,0.922,-0.454,0.345149817,0.391251319,1.385850183,0.874046619,3.75056
1997-4,74.777,1.31271508,4.667,4.367,5.506666667,-0.026,5.906666667,5.928548387,5.837096774,5.78016129,5.734516129,5.480967742,6.226342114,8.051774869,9.273631456,0.137146421,1.533870968,-0.400115645,7.127227936,0.16585,8.191161794,7.128793344,6.6817324,7.300141492,7.585850314,7.459108246,0.740745752,0.36112903,-0.419,-0.336,-0.851602698,-0.013002691,2.163602698,1.159489663,3.84955
1998-1,74.887,0.587983856,4.633,5.067,5.52,0.013,5.586666667,5.617540984,5.510491803,5.462622951,5.449672131,5.316721311,7.25432424,9.332830692,10.68064964,2.473017586,1.668360656,-0.374670967,6.549529878,0.17182,10.04814398,6.195968094,7.347356254,8.066192479,8.405561066,7.986179976,0.753957453,0.07114754,-0.73,-0.32,-1.228093291,0.093601608,1.810093291,1.049995544,3.9252
1998-2,75.063,0.938980091,4.4,4.333,5.5,-0.02,5.596666667,5.656666667,5.586349206,5.567619048,5.558095238,5.408730159,7.410949778,10.03325525,12.65234187,0.396248059,1.658412698,-0.399498911,4.849696811,0.15122,8.212794725,5.097036151,6.942050165,7.827805575,8.499420728,7.579335397,0.671584645,0.07968254,0.362,0.01,-0.270254885,-0.004320689,1.214254885,1.049563317,4.0134
1998-3,75.386,1.717528179,4.533,4.533,5.533333333,0.033,5.203333333,5.21859375,5.1253125,5.11265625,5.13609375,5.095625,6.739809815,9.403732926,12.10136413,-0.123785357,1.91984375,-0.060049046,4.948229097,0.17541,2.978277723,5.344008081,6.604788068,7.588549883,8.319625011,7.544667003,0.907080142,-0.351875,0.772,-0.394,0.214961193,0.301154451,1.501038807,0.955923806,4.04532
1998-4,75.593,1.09684197,4.433,4.1,4.86,-0.673,4.67,4.623064516,4.386774194,4.407903226,4.376290323,4.386129032,10.28470483,14.02342082,17.58879385,5.53276172,2.583709677,0.136702297,8.853621356,0.19199,7.854222542,7.84284688,10.01036989,11.49848571,12.58437928,10.85392216,1.498258603,-0.2187097,-0.615,-0.533,-1.049712172,0.670549586,2.150712172,1.151760663,4.07646
1999-1,75.835,1.278496479,4.3,4.633,4.733333333,-0.127,4.983333333,5.102622951,4.901967213,4.887868852,4.861639344,4.673606557,7.054189584,10.45019392,11.76845449,1.888146274,2.411311475,-0.11802789,9.32481811,0.15791,6.655942459,4.738122348,7.26166759,8.720751967,9.17154291,7.386359103,1.407574806,0.23459016,0.403,0.313,-0.137075335,-0.007207508,1.641075335,1.726070527,4.11514
1999-2,76.122,1.510955553,4.267,4.2,4.746666667,0.014,5.54,5.6578125,5.44203125,5.35484375,5.28421875,4.87953125,5.777476385,8.369779612,9.535884033,1.673591866,2.19796875,-0.212898605,8.832741106,0.14241,15.9631199,5.422625614,6.375730378,7.415786245,7.77695032,6.622451379,1.205981182,0.78421875,-0.058,0.557,-0.506949935,-0.215655906,1.952949935,1.633166455,4.12211
1999-3,76.393,1.421501021,4.233,4.267,5.093333333,0.346,5.883333333,6.07265625,5.775,5.7109375,5.63234375,5.1609375,5.921345616,7.459840989,7.275738072,-1.260607104,2.219375,-0.042400117,7.076130365,0.15723,9.00679348,3.640628687,5.607681602,6.137190576,6.143136285,6.048434133,1.490939149,0.76046875,-0.078,0.343,-0.515436248,0.311514714,1.883436248,1.3470299,4.13274
1999-4,76.815,2.203545858,4.067,3.767,5.306666667,0.214,6.14,6.295806452,6.066935484,6.005806452,5.948225806,5.615806452,5.423890997,5.140326284,7.901977951,4.994786661,2.092096774,-0.022564275,22.6660403,0.23062,3.240571031,5.546702682,4.802847025,4.611815842,5.483353336,7.269598028,2.09073296,0.83419355,0.776,0.257,0.279831991,0.74246197,1.864168009,1.557273494,4.16075
2000-1,77.325,2.646953995,4.033,4.4,5.676666667,0.37,6.48,6.635396825,6.583174603,6.555238095,6.526349206,6.188888889,6.207779264,5.298378713,8.264839141,0.251704256,1.862380952,0.136766372,-0.275591978,0.29943,4.512676261,2.130229793,3.649408237,2.996967448,3.976872778,5.55319278,1.403664348,0.73650794,0.568,0.34,0.148312386,-0.546763838,2.563687614,2.150347115,4.15623
2000-2,77.807,2.485633144,3.933,3.867,6.273333333,0.596,6.176666667,6.435079365,6.424444444,6.524444444,6.572698413,6.21968254,6.64897926,5.854024521,6.981378785,-1.825445267,2.419206349,0.632408305,-2.072683287,0.16489,6.831020623,1.651085051,4.56146752,4.011913714,4.386559514,5.157967601,2.213327853,-0.1060317,-0.295,-0.303,-0.585125511,0.929116528,3.002125511,1.468371937,4.0357
2000-3,78.263,2.337419351,4,4.033,6.52,0.247,5.893333333,6.083174603,6.058253968,6.156825397,6.216984127,6.132857143,4.673393372,3.085352436,7.24231554,-2.378336442,2.423174603,0.968085343,1.546665185,0.17687,1.818490261,1.483378141,4.041821708,3.344634328,4.363120574,5.046133687,1.336220186,-0.6215873,-0.143,-0.284,-0.592760647,-0.688071337,2.866760647,2.190135511,3.84617
2000-4,78.688,2.166286491,3.9,3.667,6.473333333,-0.047,5.566666667,5.639516129,5.555645161,5.636612903,5.719032258,5.907096774,5.886202413,5.597137231,8.115796325,-2.880114523,2.646935484,1.551281651,3.487395309,0.19546,2.780146114,0.683441463,4.626947238,4.369229164,5.07595154,5.28818943,1.013814946,-0.9290323,-0.165,-0.326,-0.59059297,-0.188491215,2.69959297,1.328800879,3.64505
2001-1,79.204,2.614454625,4.233,4.6,5.593333333,-0.88,5.05,5.032419355,4.790483871,4.631129032,4.58016129,4.591612903,10.41842113,12.12493786,18.87127871,3.291599839,2.837580645,1.122318276,5.185285278,0.21577,4.629165774,4.596450776,9.920660171,10.62040596,11.92974135,8.384935384,-0.17651419,-0.5675806,0.328,-0.517,-0.096415909,-1.065523046,2.533415909,0.989121982,3.44253
2001-2,79.683,2.41178423,4.4,4.333,4.326666667,-1.266,5.27,5.140793651,4.835396825,4.427460317,4.191746032,3.774920635,9.977454162,13.85577518,20.10792601,6.550639786,2.762222222,0.858010013,6.412265079,0.18024,6.75047638,7.112602234,11.5949891,13.55502455,14.94942231,10.57403658,-0.367073431,0.95619048,-0.025,0.22,-0.229951105,-0.245150647,2.641951105,-0.118305921,3.24218
2001-3,79.996,1.568148102,4.833,4.767,3.496666667,-0.83,4.98,4.826065574,4.510819672,3.969016393,3.676229508,3.340983607,8.885004258,13.16525115,15.01160715,15.56743823,2.944590164,0.888097617,14.00483414,0.75242,6.60790767,14.79003806,12.41064138,15.01292205,15.28558212,11.16425299,-1.519140107,1.50918033,-0.804,-0.29,-0.89650487,-1.274998717,2.50450487,-0.322469299,3.04758
2001-4,80.245,1.24312854,5.5,5.233,2.133333333,-1.364,4.77,4.522258065,4.08483871,3.322096774,2.867096774,2.245483871,9.096663415,13.83283175,20.34699141,2.86257227,3.164918033,0.384848908,7.076604974,0.15937,7.681422011,6.969509764,10.45627276,13.0044839,16.08852734,12.06936175,-1.953546467,2.60870968,-0.29,-0.21,-0.372335161,-0.662614685,1.690335161,-1.444316256,2.87605
2002-1,80.504,1.288967143,5.7,6.167,1.733333333,-0.4,5.076666667,4.8815,4.4595,3.7485,3.2005,2.318166667,6.933247762,11.81746834,10.94111407,6.168280663,2.875833333,0.486668709,9.95154445,0.15964,12.85320942,7.672866251,9.085990816,11.74891496,11.16512926,6.286942779,-1.811436526,3.33816667,0,0.307,0.006127159,-0.131929318,1.311872841,-1.852940783,2.71992
2002-2,80.783,1.383869888,5.833,5.733,1.75,0.017,5.1,4.84671875,4.45046875,3.7734375,3.23390625,2.34671875,3.168063984,5.777427141,5.400354803,-0.571100726,2.9196875,0.562293584,7.380925294,0.14858,13.64822459,5.36616659,4.51550043,5.827251126,5.574104036,5.153866191,-1.851007007,3.34953125,0.11,0.023,0.13674523,-0.371624788,1.29125477,-1.715825722,2.6157
2002-3,81.172,1.921525105,5.733,5.667,1.74,-0.01,4.26,3.9040625,3.359375,2.62609375,2.23875,1.8140625,7.501096296,10.14880322,6.799017702,1.431808906,3.36,1.509206549,5.60243685,0.19547,10.76265706,4.830559813,8.067244416,9.455895426,7.303344791,7.460007173,-2.081713335,2.52421875,0.414,-0.84,0.46745769,-0.508297187,1.37454231,-1.814415656,2.5522
2002-4,81.638,2.289791893,5.867,5.533,1.443333333,-0.297,4.006666667,3.60016129,3.008548387,2.266129032,1.889677419,1.533709677,8.141022031,11.02261748,10.08418531,5.709552184,3.596612903,1.084931184,5.52149547,0.20091,7.891884693,6.082498538,8.664355204,10.44940016,10.02586711,4.870379332,-2.564721809,2.54935484,0.418,-0.253,0.565950192,-0.78218278,1.694049808,-2.038567474,2.50027
2003-1,82.045,1.989214952,5.867,6.367,1.25,-0.193,3.92,3.465409836,2.911803279,2.07,1.649016393,1.300327869,6.538925624,9.065621145,7.422862078,7.740137399,3.199836066,0.521414994,8.079469726,0.1962,13.57180117,6.329960571,6.997922249,8.726329027,7.3592735,6.315724325,-2.66607767,2.6647541,-0.447,-0.087,-0.162103088,-0.434302173,1.975103088,-2.496424943,2.47788
2003-2,82.328,1.377356523,6.133,6.033,1.246666667,-0.003,3.62,3.128412698,2.57,1.773650794,1.421587302,1.152698413,7.850523306,10.60274811,5.390035769,10.12766303,2.853174603,-0.30402615,6.27194592,0.16876,9.62423601,8.926810114,8.446459375,10.33842534,6.249464752,6.750940543,-2.404946463,2.36666667,-0.639,-0.3,-0.412864668,-0.144976886,1.586864668,-2.588486121,2.48594
2003-3,82.796,2.267393005,6.133,6.033,1.016666667,-0.23,4.233333333,3.71578125,3.138125,2.19625,1.67828125,1.21921875,8.038383212,11.50769086,10.02489385,8.468073937,2.57546875,-0.64857364,3.174803957,0.20544,3.224849349,10.05967579,8.775052861,11.21333682,10.03973685,4.704937032,-1.389227218,3.21265625,0.989,0.613,1.083419426,0.677525869,1.079580574,-2.398727556,2.47114
2003-4,83.306,2.456329738,5.833,5.533,0.996666667,-0.02,4.286666667,3.781774194,3.244677419,2.380483871,1.856290323,1.296451613,-0.38081719,0.859494135,-2.363000482,2.260996231,2.377419355,-0.562646052,5.122931309,0.12517,4.640154295,5.553243902,0.067538587,0.958593809,-1.713219308,-0.368568339,-0.86926817,3.28564516,0.195,0.054,0.40960403,0.195549314,1.94839597,-1.431044266,2.48615
2004-1,83.895,2.818176621,5.7,6.1,1.003333333,0.006,4.02,3.501451613,2.980967742,2.163064516,1.686612903,1.221451613,3.077959239,4.136368527,1.977733795,5.395032925,2.256290323,-0.544865052,3.975079136,0.11945,5.268776806,7.892088489,3.619280076,4.404704931,2.580859661,4.826291968,-0.928038684,3.00677419,0.607,-0.267,0.821407034,-0.387385436,2.143592966,-0.970416865,2.52234
2004-2,84.569,3.200700903,5.6,5.5,1.01,0.007,4.6,4.183870968,3.720967742,2.971935484,2.454677419,1.775483871,8.407932213,10.21656269,8.821294928,5.293301265,2.06483871,-0.538192223,5.082790502,0.14045,5.777233717,8.810123836,8.850962003,10.10858862,8.966933562,8.707138356,-0.789297985,3.58354839,0.286,0.58,0.620288375,-0.187990086,2.630711625,-1.089159602,2.54312
2004-3,85.112,2.560106806,5.433,5.4,1.433333333,0.423,4.303333333,3.9221875,3.505625,2.91953125,2.5565625,2.075,4.451938595,4.980508347,2.64474126,4.839888463,2.15015625,-0.445878137,6.072043801,0.13703,8.269906745,5.615726439,4.756459738,5.104718198,3.325924671,5.812130978,-0.501182803,2.86203125,-0.647,-0.297,-0.267168972,-0.001348195,2.871168972,-1.01426761,2.58743
2004-4,85.77,3.080503515,5.433,5.133,1.95,0.517,4.173333333,3.855,3.493709677,3.058870968,2.822419355,2.472741935,5.28943057,5.079877479,2.213034804,5.375780108,2.010322581,-0.659495048,4.231459985,0.16386,9.059151953,5.223598274,5.670073867,5.557817285,3.517038855,5.801536303,-0.136371387,2.22370968,0.469,-0.13,0.678762825,0.094248111,2.394237175,-0.786377505,2.60345
2005-1,86.453,3.172647466,5.3,5.633,2.47,0.52,4.296666667,4.098852459,3.890819672,3.623934426,3.454918033,3.072459016,2.249221044,0.265961439,-0.667440157,-0.340570476,1.666721311,-0.804428917,3.538881945,0.14008,4.458646675,1.327401098,1.891494663,0.669317777,0.05039611,3.216416415,0.332489649,1.82836066,0.083,0.124,0.314833478,0.253490515,2.841166522,-0.50939382,2.54542
2005-2,87.082,2.899715929,5.1,5,2.943333333,0.473,4.16,3.9846875,3.87296875,3.73234375,3.6459375,3.33734375,2.797981225,-0.232407006,0.284750329,-0.438302838,1.81078125,-0.437024568,2.092582123,0.14729,2.168272854,2.393087843,1.728948607,0.005857959,0.215643635,5.289386468,0.200815071,1.2159375,-0.365,-0.137,-0.190528684,-0.308754842,2.981528684,-0.124126944,2.467
2005-3,87.874,3.621506711,4.967,4.967,3.46,0.517,4.213333333,4.1084375,4.039375,3.98921875,3.95796875,3.79109375,5.659940549,3.357944823,4.869410522,2.051012379,1.7659375,-0.569342179,3.2064227,0.1719,3.587914173,3.94754338,5.062338152,3.717575729,4.400664299,6.078479196,0.379377318,0.7528125,0.811,0.053,0.896895065,0.15269062,2.705104935,-0.315701989,2.41802
2005-4,88.585,3.223429115,4.967,4.667,3.98,0.52,4.49,4.425737705,4.391147541,4.372295082,4.364590164,4.28852459,5.314196378,3.841111831,4.849975764,0.116329796,1.847868852,-0.349687054,3.698558118,0.20187,7.233823683,1.726582661,4.411657811,3.570073932,4.021665367,8.284379211,0.356940212,0.51213115,-0.398,0.277,-0.22341205,-0.034362686,3.42741205,-0.090943071,2.35471
2006-1,89.209,2.807755322,4.733,5,4.456666667,0.477,4.57,4.555483871,4.552419355,4.582580645,4.604677419,4.640322581,5.191046461,2.966650658,4.008180257,1.374006528,1.734677419,-0.395497117,6.798078333,0.17514,5.01773921,2.791494146,4.21338,2.835312591,3.199177466,4.291027033,1.130602179,0.10983871,-0.42,0.08,-0.360045704,0.731626711,3.144045704,-0.081419702,2.28679
2006-2,90,3.531095589,4.633,4.567,4.906666667,0.45,5.07,5.018095238,4.993174603,4.987301587,4.997936508,5.021428571,4.249522204,0.91952454,3.081398388,0.299332551,1.665079365,-0.422996149,2.80946518,0.19147,5.639599423,1.948750706,2.283237717,0.202456243,0.899034856,3.801802003,0.814758487,0.16730159,0.546,0.5,0.433813988,-0.263790483,2.896186012,0.629799311,2.23234
2006-3,90.628,2.781418298,4.633,4.667,5.246666667,0.34,4.896666667,4.85,4.842222222,4.868412698,4.929047619,5.091111111,5.75319935,2.245564469,5.245407094,-3.363441396,1.69968254,-0.330617898,-0.849140497,0.1918,2.462217072,0.175654626,3.082386753,0.809281631,1.846807623,5.875986378,0.429248749,-0.355873,-0.54,-0.173,-0.564309105,-0.310798889,3.354309105,0.33408445,2.13388
2006-4,90.967,1.493434924,4.433,4.233,5.246666667,0,4.63,4.603548387,4.601774194,4.648709677,4.737580645,4.988225806,6.618940822,4.783632481,7.712508342,-0.20446165,1.652580645,-0.430330047,1.922147779,0.23472,2.812300541,0.388366973,5.078977906,3.804548913,4.744501021,7.461174413,0.762090719,-0.615,-1.316,-0.267,-1.438151945,0.396612548,2.912151945,-0.00674186,2.0372
2007-1,91.839,3.81609625,4.5,4.8,5.256666667,0.01,4.68,4.649677419,4.643387097,4.679677419,4.760483871,5.007580645,5.667244104,5.021262625,6.335859542,-0.614012766,1.616612903,-0.503887199,3.640077727,0.21561,4.118729923,0.904494157,4.473276033,4.03174743,4.438707373,5.261222648,0.54801544,-0.5829032,2.44,0.05,2.049169507,-0.201156508,1.864830493,0.34612545,2.0234
2007-2,92.453,2.665345308,4.5,4.433,5.25,-0.007,4.846666667,4.78375,4.76078125,4.76359375,4.80375,4.93421875,6.694903491,6.5064703,10.38991278,2.566728947,1.64421875,-0.474401699,1.693969514,0.20076,4.121485846,3.790433369,5.665007507,5.52991152,6.643738243,6.806016038,0.678655708,-0.4028125,-1.336,0.167,-1.262842211,0.1319099,3.840842211,0.103431517,2.02625
2007-3,92.933,2.071358453,4.667,4.667,5.073333333,-0.177,4.73,4.602857143,4.512698413,4.416507937,4.390793651,4.535079365,6.247499559,6.789791025,14.24674859,-0.300544144,1.895714286,0.059008656,1.095563815,0.34722,-0.446508213,1.811681543,5.096839052,5.208527775,7.681634503,6.801422183,0.771103249,-0.3519048,-0.525,-0.117,-0.702419855,0.109397642,2.755419855,0.194958535,2.03487
2007-4,93.327,1.692260658,4.8,4.567,4.496666667,-0.576,4.26,3.991612903,3.797580645,3.513387097,3.489677419,3.635,4.2322901,4.098938492,15.91567865,-0.048496017,2.239193548,0.255131861,0.704974354,0.22139,-5.201083768,1.304507362,3.033079354,2.438092447,6.182605686,8.468661808,0.876392638,-0.2298387,-0.465,-0.47,-0.730394165,0.173865327,2.318394165,0.272011553,2.01346
2008-1,93.655,1.403345077,5,5.267,3.176666667,-1.32,3.663333333,3.152131148,2.75147541,2.170983607,2.029344262,2.11295082,7.50390324,8.415543325,15.65047343,2.215107529,3.083606557,0.910859657,1.234849228,0.248,-36.25727205,2.012406834,5.382887871,5.58094655,7.578870947,9.292391507,-0.031770238,0.47852459,-0.113,-0.597,-0.431051295,-1.029585798,1.906051295,0.438910547,1.98435
2008-2,94.13,2.023595125,5.333,5.233,2.086666667,-1.09,3.886666667,3.45828125,3.155,2.6590625,2.41640625,2.0659375,6.744509297,8.49548979,14.49669545,4.126518052,3.108125,0.672031401,1.722006408,0.20907,-123.0619617,3.988336046,6.567142087,7.453586142,9.656935113,4.429902874,0.062268994,1.79125,0.663,0.224,0.502972466,-0.059252666,1.635027534,-0.472379955,1.90656
2008-3,94.84,3.005782255,6,6.033,1.94,-0.147,3.863333333,3.43703125,3.1128125,2.63296875,2.36,2.12640625,4.925776385,3.72570503,4.805751409,9.584234005,3.34375,1.314159507,15.24074405,1.25559,-33.60772791,7.254686682,5.472339876,4.544976179,4.955831185,6.800517868,-0.914045502,1.9046875,0.83,-0.024,0.868349109,-1.140992597,2.099650891,-0.360764613,1.80885
2008-4,95.065,0.947842786,6.867,6.567,0.506666667,-1.433,3.253333333,2.620806452,2.172741935,1.480967742,1.215483871,0.989193548,12.76351262,8.214259025,8.752362353,26.81153386,5.580967742,3.146634847,188.3322326,3.72318,9.399052091,14.94225003,12.84407475,9.253914691,9.790720293,14.91073885,-3.486071828,2.70064516,-1.72,-0.61,-1.444373846,-2.754283743,2.692373846,-1.275800719,1.69103
2009-1,95.018,-0.19780833,8.267,8.8,0.183333333,-0.324,2.736666667,2.237868852,1.761311475,1.27147541,0.904262295,0.571967213,12.58400285,14.89607461,18.3203377,12.01270852,5.48852459,2.826039343,60.15786644,3.58194,60.69895927,12.91479593,13.6123723,14.93290674,17.72418711,0.664714447,-4.979094406,2.54918033,-1.29,-0.516,-1.394049195,-2.028044897,1.352049195,-3.43404248,1.54588
2009-2,94.852,-0.699426101,9.3,9.133,0.18,-0.003,3.313333333,2.889047619,2.241746032,1.495396825,1.017619048,0.521111111,4.692566546,8.636268115,7.863133441,13.32680241,4.652222222,1.451563225,23.51910773,3.60206,230.120276,9.728326932,6.131845095,8.187270036,7.523293319,-3.386304168,-5.479377457,3.14174603,-0.54,0.576,-0.913194842,-1.113631262,0.331194842,-4.785696596,1.43403
2009-3,94.954,0.429912689,9.633,9.6,0.156666667,-0.023,3.516666667,3.123125,2.4675,1.55796875,1.03,0.44796875,1.411332903,6.166686294,1.140685184,8.067173626,3.1478125,0.098319883,-3.746344884,3.46501,131.0342236,5.163768969,2.367284386,5.086263765,0.196150434,-5.093166647,-5.455786055,3.36328125,1.004,0.204,0.521110014,-0.546320378,-0.099110014,-5.286737074,1.34528
2009-4,95.267,1.316364786,9.933,9.533,0.12,-0.037,3.46,2.99,2.304193548,1.39,0.877903226,0.354677419,2.116356989,7.570139934,-2.160616477,5.019986206,2.863225806,-0.252082707,56.53743487,3.78217,83.88742055,3.989843666,2.372723693,6.488635261,-3.454094776,-11.05888105,-4.755715265,3.34532258,0.928,-0.057,0.720093241,0.306448705,0.629906759,-5.364763799,1.29823
2010-1,95.526,1.085994388,9.833,10.4,0.133333333,0.013,3.716666667,3.164262295,2.427377049,1.468852459,0.917704918,0.364590164,0.048755458,4.220032066,-3.849831453,2.73830439,2.569344262,-0.142788811,14.98004311,3.88161,44.8492295,1.883617411,0.153942372,3.811262508,-4.416457528,-8.447376821,-4.590521875,3.58114754,-0.343,0.257,-0.346450094,-0.203829497,1.353450094,-4.727807033,1.30206
2010-2,95.992,1.946557168,9.633,9.467,0.193333333,0.06,3.49,2.93515625,2.25484375,1.3790625,0.873125,0.37828125,4.119529884,7.956381372,-2.010997005,4.356668443,2.69015625,-0.158803577,-10.65738644,3.74126,21.27155349,3.29725429,4.336123803,7.751811077,-2.420182892,-2.380509409,-3.987322966,3.300625,0.848,-0.227,0.880869688,0.378633259,0.974130312,-4.672758867,1.33129
2010-3,96.282,1.206612313,9.467,9.467,0.186666667,-0.006,2.786666667,2.19390625,1.545,0.83390625,0.53875,0.26890625,3.926512624,7.343411087,5.02401974,7.57480183,2.9909375,-0.06107781,-6.060945149,3.71079,0.565940516,5.520811669,4.130940556,7.221768657,4.876868103,4.164690317,-3.581543154,2.59609375,-0.693,-0.703,-0.567538218,0.226839837,1.729538218,-4.057383154,1.39372
2010-4,96.846,2.33628103,9.5,9.133,0.186666667,0,2.863333333,2.193064516,1.503387097,0.753225806,0.487096774,0.259193548,5.100019697,9.23204309,6.626734737,15.18093661,3.038387097,-0.192392008,-0.805770284,3.6406,5.021332143,10.80199521,5.397168322,9.24382933,6.603190705,3.171125866,-3.429040795,2.68903226,1.081,0.076,0.872331899,-0.060974616,1.370668101,-3.538891959,1.44083
2011-1,97.346,2.05982164,9.033,9.5,0.156666667,-0.03,3.46,2.824516129,2.119354839,1.160322581,0.693709677,0.272096774,4.981708379,8.366797652,3.644304708,12.60852482,2.629193548,-0.209195122,45.93184289,3.73004,37.17558967,8.949288499,5.236846051,8.329966098,3.517841178,-3.197662128,-4.020298733,3.30193548,-0.099,0.597,-0.107829735,-0.750158772,2.251829735,-3.37020979,1.49171
2011-2,97.989,2.633434141,9.067,8.9,0.093333333,-0.064,3.21,2.537142857,1.854444444,0.944285714,0.561587302,0.204126984,7.557282363,10.33360731,10.32696713,12.55458554,2.646190476,-0.145174733,58.74939395,3.84192,40.76774254,8.996302536,7.79573675,10.3125619,10.31092126,7.014876594,-3.742455073,3.10825397,0.475,-0.25,0.557714468,0.178119553,2.061285532,-3.917240467,1.5468
2011-3,98.595,2.466129164,9,9.067,0.083333333,-0.01,2.426666667,1.7628125,1.1440625,0.46625,0.27921875,0.1334375,17.81751046,21.65142922,13.86748732,29.74767537,3.041875,0.079729352,12.4797824,3.72211,19.10535754,21.61859879,18.35109174,21.86530073,13.82766198,-0.406000313,-4.163170099,2.3303125,-0.05,-0.783,0.183896139,-0.482597096,2.385103861,-3.600656411,1.59702
2011-4,98.714,0.482491987,8.633,8.333,0.073333333,-0.01,2.046666667,1.498852459,0.952622951,0.416721311,0.263606557,0.113934426,6.693388287,8.904427601,6.383932046,14.09881935,3.206557377,0.196693532,-6.786444806,3.48653,-3.782486549,10.49283793,6.934650458,8.978307503,6.381573482,-0.994180767,-3.483241686,1.97163934,-1.961,-0.38,-1.5683577,0.660791211,2.1763577,-3.966833637,1.6339
2012-1,99.313,2.419879418,8.267,8.633,0.103333333,0.03,2.036666667,1.443548387,0.898387097,0.419677419,0.289516129,0.156451613,6.695102592,8.63217621,6.849118591,10.55254394,3.162258065,-0.060507813,8.014497494,3.47002,-3.214919657,7.866381276,6.881529578,8.662181336,6.843679381,3.89158613,-3.098823814,1.93370968,1.885,-0.01,1.405651454,0.087219083,1.087348546,-2.982886857,1.66838
2012-2,99.713,1.607832298,8.2,8,0.153333333,0.05,1.823333333,1.2390625,0.78890625,0.4028125,0.28953125,0.188125,5.797762326,7.799441271,6.235131604,8.498531834,3.268125,-0.060890789,-5.564823036,3.38447,1.371580989,8.073735829,5.904549169,7.778376444,6.192324989,3.42269457,-3.072610555,1.67125,-0.913,-0.214,-0.68001094,-0.008431457,2.26001094,-2.837393905,1.7111
2012-3,100.23,2.068594158,8.033,8.133,0.143333333,-0.01,1.643333333,1.07984127,0.668888889,0.346666667,0.257777778,0.181904762,8.184571712,10.05510387,8.562608386,15.85086878,3.234444444,-0.145811933,0.100314136,3.30514,-3.035001332,18.03153649,8.393107192,10.16351983,8.631457407,7.506896796,-3.325044436,1.49507937,0.469,-0.18,0.319320802,-0.436012087,1.729679198,-2.65765222,1.74202
2012-4,100.738,2.022216799,7.8,7.5,0.16,0.017,1.706666667,1.119344262,0.690163934,0.359508197,0.267540984,0.172295082,8.631994165,10.59679402,8.71279006,13.74893388,2.867213115,-0.147051472,0.801408005,3.22073,2.558417821,16.06432538,8.986426061,10.84266495,8.891670213,6.372241692,-3.645040485,1.54622951,-0.011,0.064,0.03864735,-0.419443431,1.99935265,-2.952380582,1.76532
2013-1,101.141,1.596998342,7.733,8.067,0.143333333,-0.017,1.95,1.320666667,0.822666667,0.3915,0.262833333,0.149833333,5.793947499,7.299878435,7.149809513,6.615042412,2.859,-0.083304421,30.2212554,3.28231,27.08782465,6.369980757,5.88231537,7.304794389,7.151551089,4.217362976,-3.243102357,1.80583333,-0.445,0.243,-0.325084857,0.312145002,1.918084857,-3.229639802,1.79108
2013-2,101.428,1.133441709,7.533,7.4,0.116666667,-0.026,1.996666667,1.38234375,0.909375,0.4334375,0.27015625,0.12796875,4.706605389,5.934920545,5.049145003,8.094117821,2.83828125,-0.349879999,36.00886219,3.38733,38.81569796,8.436953018,4.782423938,5.950768088,5.041667034,0.989453544,-3.545280881,1.86921875,-0.44,0.047,-0.565706818,-0.477934968,1.718706818,-2.724727623,1.80834
2013-3,101.906,1.880653036,7.233,7.333,0.083333333,-0.034,2.71,2.11703125,1.50375,0.7071875,0.3659375,0.1225,6.008740811,7.441086928,6.644958609,5.47835277,2.69578125,-0.098122018,33.88172867,3.5144,31.99886181,6.220249661,6.053024327,7.416698523,6.603339075,1.837238364,-3.221571848,2.62109375,0.763,0.713,0.574629585,0.151452842,1.341370415,-3.007391071,1.81396
2013-4,102.515,2.383323833,6.933,6.7,0.086666667,0.004,2.746666667,2.115806452,1.439032258,0.632580645,0.327258065,0.125322581,7.11010495,7.872187903,6.976972463,11.70359703,2.612903226,-0.062268532,29.33949963,3.56983,31.6895538,10.59914544,7.190285568,7.920703417,6.994530587,3.844517189,-2.978336665,2.65870968,0.428,0.037,0.552379277,0.283156824,1.791620723,-2.779608027,1.83055
2014-1,102.942,1.662637398,6.667,6.933,0.073333333,-0.014,2.763333333,2.229016393,1.603442623,0.763934426,0.374754098,0.120491803,5.922853183,6.711801475,5.578232526,13.28308725,2.354098361,-0.279199628,18.12583562,3.50552,26.51948234,16.7429422,6.122513518,6.900388521,5.703239295,0.978288228,-3.762823871,2.69262295,-0.872,0.016,-0.756649265,-0.772070358,2.228649265,-2.379573332,1.84453
2014-2,103.525,2.258962641,6.2,6.1,0.093333333,0.02,2.623333333,2.194603175,1.657619048,0.871904762,0.41952381,0.103015873,6.207974714,6.96045704,5.125213508,10.89031072,2.200952381,-0.367425218,11.61280884,3.48324,18.88623283,11.16824795,6.304997187,7.035666213,5.129338743,2.023306073,-2.977166383,2.53,1.024,-0.14,1.081280817,0.649942674,1.414719183,-3.00370055,1.85157
2014-3,103.977,1.742636562,6.1,6.167,0.09,-0.003,2.496666667,2.158125,1.7015625,0.98390625,0.515,0.109375,5.261122491,5.825677023,4.817036367,4.891840981,2.2428125,-0.308225639,10.307941,3.48309,10.28091448,4.201435992,5.228875031,5.771109746,4.738772587,1.815806257,-2.306752966,2.40984375,-0.607,-0.126,-0.22451759,0.717178368,2.11351759,-2.311831046,1.87848
2014-4,104.15,0.664978748,5.7,5.467,0.1,0.01,2.28,1.994516129,1.600967742,0.967580645,0.536612903,0.152258065,5.053823365,5.710754783,6.262559345,8.730020782,2.457741935,-0.055825633,-13.03209866,3.42776,7.165101913,9.32329212,5.133587031,5.777512444,6.331550909,2.345053696,-2.329227621,2.17387097,-1.105,-0.217,-0.956896767,-0.057694748,1.740896767,-1.496906557,1.88399
2015-1,104.113,-0.142127984,5.567,5.833,0.11,0.01,1.966666667,1.769344262,1.457213115,0.969672131,0.604590164,0.225409836,7.290979091,8.157336058,7.716699723,11.48695031,2.532459016,-0.20372611,6.07118707,3.36639,1.755000017,12.50763483,7.372526089,8.19612155,7.744310126,4.967623398,-1.996928446,1.8542623,-1.11,-0.313,-1.155541374,0.248363894,0.829541374,-1.422244316,1.88151
2015-2,104.677,2.161028294,5.4,5.3,0.123333333,0.013,2.166666667,1.90703125,1.52515625,0.96890625,0.61265625,0.2503125,4.515385372,5.702388907,4.921959718,2.664419048,2.6665625,0.043846031,1.044918792,3.35813,-1.231183726,1.753226325,4.489084779,5.628737074,4.850031501,1.977831486,-1.889443822,2.0384375,2.586,0.2,2.137941706,0.157823567,0.122058294,-0.953141903,1.87484
2015-3,104.989,1.190465713,5.1,5.233,0.136666667,0.014,2.22,1.94359375,1.55578125,1.02328125,0.6925,0.3478125,4.867427081,6.421616657,6.51198966,4.631423879,3.01984375,0.364004034,1.437643503,3.33276,0.885138906,3.677303972,4.922249581,6.428457284,6.518623804,5.680885391,-2.027380247,2.08734375,-0.815,0.053,-0.525906587,-0.249017713,1.970906587,-0.742823772,1.85417
2015-4,104.979,-0.038101044,5,4.8,0.16,0.023,2.19,1.940645161,1.584193548,1.137258065,0.838225806,0.467258065,5.529088748,6.682611144,6.024065394,3.618194173,3.226935484,0.522708581,-3.386557634,3.35474,0.718103974,3.808111132,5.580098357,6.666495679,6.005250636,2.152485342,-2.329516612,2.02967742,-1.338,-0.03,-1.070951122,-0.407840847,1.177951122,-0.915341914,1.81997
2016-1,104.895,-0.320192132,4.933,5.2,0.36,0.2,1.92,1.686557377,1.369836066,1.023442623,0.836229508,0.580983607,8.483991752,9.24124519,5.867499014,7.980583092,3.38442623,0.800667616,-11.06466817,3.25892,0.007291926,8.518941602,8.517267623,9.232048865,5.852248066,6.765764103,-2.194154532,1.54852459,-0.45,-0.27,-0.324472653,-0.183320235,-0.018527347,-1.184576469,1.79583
2016-2,105.636,2.815748977,4.867,4.767,0.373333333,0.013,1.753333333,1.535,1.24046875,0.91609375,0.77125,0.56625,7.016465449,7.733044284,7.809799959,12.76570166,2.91,0.154636866,0.057539007,3.18158,-0.555001072,13.2866781,7.105412448,7.807377158,7.873626351,5.807613659,-2.33092847,1.38015625,3.086,-0.167,2.864747123,-0.169123558,-0.121747123,-1.050679022,1.76749
2016-3,105.929,1.10793444,4.9,4.967,0.396666667,0.024,1.563333333,1.396875,1.12859375,0.8496875,0.728125,0.559375,6.479062731,7.133236292,6.488463362,8.370507038,2.6925,-0.056353029,-8.177078646,3.09773,-0.478377168,10.17049286,6.588676397,7.221927216,6.592791178,4.616244764,-2.170039754,1.1690625,-1.256,-0.19,-0.925639435,-0.230703495,2.412639435,-0.923705191,1.73889
2016-4,106.487,2.101541441,4.7,4.533,0.45,0.053,2.13,1.935409836,1.614754098,1.238688525,1.009508197,0.755737705,6.260343188,6.965573492,4.320432588,5.730532663,2.501639344,-0.379413018,-22.2243961,2.97785,-0.663616667,5.320863709,6.272997087,6.9465112,4.42391217,3.565850068,-2.106614267,1.6895082,0.572,0.567,0.665998002,-0.269172009,1.393001998,-0.857842652,1.72339
2017-1,107.025,2.015816024,4.667,4.867,0.7,0.25,2.443333333,2.255483871,1.947903226,1.516451613,1.244354839,0.892580645,5.376203262,5.716989204,4.044853837,8.243646328,2.215806452,-0.20137641,18.03157358,3.01374,0.722584992,8.708654243,5.42546268,5.735157194,4.195342415,2.913959109,-2.067958868,1.74274194,0.016,0.313,0.208451297,-0.254158623,1.866548703,-0.837070108,1.72537
2017-2,107.369,1.283619113,4.333,4.233,0.95,0.25,2.263333333,2.072539683,1.811111111,1.472063492,1.297619048,1.125714286,5.101707232,4.910227252,4.852063019,9.887428694,2.231904762,-0.156663969,6.4717065,2.96295,1.39442802,11.33254979,5.178530521,4.983380449,4.909775803,5.485741884,-1.940553735,1.30746032,-0.939,-0.18,-0.765125473,0.052013578,1.901125473,-0.816607872,1.71277
2017-3,107.903,1.984470234,4.3,4.4,1.153333333,0.203,2.243333333,2.062539683,1.813492063,1.51015873,1.362698413,1.243492063,4.532459649,3.974381002,4.42097827,7.863217292,2.091746032,-0.17809894,5.937341256,2.94142,-0.356795577,8.97074794,4.596673835,4.072167555,4.366241189,5.248334602,-1.666951275,1.08587302,0.782,-0.02,0.740414012,0.0296752,1.177585988,-0.516547437,1.75179
2017-4,108.67,2.83323667,4.1,3.9,1.203333333,0.05,2.37,2.248064516,2.069193548,1.812903226,1.694354839,1.550322581,4.235616238,3.6936881,4.588235971,5.325964437,1.898360656,-0.205532484,0.09029453,2.9289,-0.721117866,5.478016619,4.281099156,3.773707358,4.394296702,5.931291469,-1.184867954,1.16967742,0.763,0.127,0.827753751,-0.084960102,1.853246249,-0.267409185,1.78779
2018-1,109.261,2.169499332,4.1,4.333,1.446666667,0.244,2.76,2.683934426,2.534918033,2.306721311,2.160491803,1.942459016,2.496026882,2.050378519,2.581499255,3.033823516,1.70852459,-0.282080486,-2.466087818,2.88148,-3.089798467,2.293709989,2.421190643,1.950716772,2.292171029,2.991012494,-0.883202825,1.3142623,-0.675,0.39,-0.484895254,-0.11789739,2.490895254,-0.145742635,1.82057
2018-2,110.234,3.546345469,3.9,3.833,1.736666667,0.29,2.92,2.8740625,2.765625,2.6090625,2.47703125,2.2521875,3.983940771,3.189018973,3.453972215,1.384368805,1.8565625,-0.191473559,-14.87053738,2.7752,-5.950016227,0.141110823,3.665036457,2.819414593,2.99585225,4.044866066,-0.520770694,1.1834375,1.254,0.16,1.295627122,0.336664452,1.964372878,-0.071936108,1.86183
2018-3,110.597,1.315033947,3.8,3.867,1.923333333,0.186,2.926666667,2.882222222,2.809047619,2.743492063,2.665873016,2.46015873,4.223856201,3.357540719,2.961225007,3.286431168,1.886190476,-0.166424096,-11.71898885,2.72443,-9.343717313,2.191819158,3.760330193,2.889166848,2.790961171,4.347805802,-0.513951859,1.00031746,-1.765,0.007,-1.556565192,0.175305149,3.051565192,0.40816605,1.89576
2018-4,111.175,2.08502898,3.8,3.567,2.22,0.297,3.033333333,2.966557377,2.883606557,2.844262295,2.802786885,2.668196721,2.945588979,2.26829672,1.717311318,4.019411033,2.097540984,0.140143937,-14.36059392,2.65042,-11.09943903,3.70334217,2.275934678,1.567326004,1.467666731,3.530866362,-0.763790349,0.82377049,0.348,0.106,0.195428038,-0.108996509,1.647571962,0.707572655,1.89735
2019-1,111.514,1.217842864,3.867,4.133,2.403333333,0.183,2.653333333,2.550327869,2.464918033,2.455409836,2.485081967,2.539672131,4.369803053,3.521000206,4.242307172,2.284904464,2.315409836,0.020975355,-11.24786358,2.55383,-11.87368999,2.164803386,3.37842634,2.485563821,2.663065529,4.756090876,-0.641366971,0.25163934,-1.358,-0.38,-1.470410574,0.131193465,1.955410574,0.704550072,1.89088
2019-2,112.152,2.281980204,,,2.396666667,,2.333333333,2.224920635,2.121111111,2.088253968,2.127936508,2.258888889,,,,,,,,,,,,,,,-0.327402722,,,,,,,,
2019-3,112.517,1.299690909,,,2.19,,1.796666667,1.7096875,1.62859375,1.63265625,1.6859375,1.845,,,,,,,,,,,,,,,-0.118974888,,,,,,,,
2019-4,112.978,1.635515261,,,1.643333333,,1.793333333,1.712903226,1.613387097,1.589677419,1.591129032,1.575806452,,,,,,,,,,,,,,,-0.121135813,,,,,,,,
2020-1,113.346,1.300791164,,,1.26,,1.376666667,1.278548387,1.14483871,1.093387097,1.081451613,1.067741935,,,,,,,,,,,,,,,-1.876007215,,,,,,,,
2020-2,112.859,-1.722334174,,,0.06,,0.686666667,0.542063492,0.357460317,0.240793651,0.193650794,0.174285714,,,,,,,,,,,,,,,-11.03861866,,,,,,,,
2020-3,113.888,3.630502944,,,0.093333333,,0.65,0.46234375,0.27171875,0.16453125,0.1409375,0.1346875,,,,,,,,,,,,,,,-4.705191767,,,,,,,,
2020-4,114.439,1.930568245,,,0.09,,0.863333333,0.615645161,0.369516129,0.196451613,0.149677419,0.114516129,,,,,,,,,,,,,,,-4.046639823,,,,,,,,
2021-1,115.652,4.217500858,,,0.08,,1.316666667,1.00147541,0.618032787,0.247868852,0.132131148,0.082459016,,,,,,,,,,,,,,,-2.997456284,,,,,,,,
2021-2,117.413,6.044780686,,,0.07,,1.593333333,1.27328125,0.840625,0.3540625,0.17421875,0.0596875,,,,,,,,,,,,,,,-1.848072695,,,,,,,,
2021-3,119.115,5.756711685,,,0.09,,1.323333333,1.0990625,0.7996875,0.43125,0.22578125,0.07546875,,,,,,,,,,,,,,,-1.735005413,,,,,,,,
2021-4,121.188,6.901458327,,,0.08,,1.536666667,1.414677419,1.180967742,0.818548387,0.531774194,0.200322581,,,,,,,,,,,,,,,-0.54232413,,,,,,,,
2022-1,123.615,7.93153522,,,0.12,,1.94,1.933548387,1.833870968,1.682580645,1.464516129,0.980322581,,,,,,,,,,,,,,,-1.387281966,,,,,,,,
2022-2,,,,,0.77,,2.93,2.977258065,2.95,2.889193548,2.720483871,2.204354839,,,,,,,,,,,,,,,,,,,,,,,