,YGAP_BOJ,SR,LR1Y,LR2Y,LR3Y,LR5Y,LR7Y,LR9Y,LR10Y,EBP,INFL,PGR,IOR
1960-1,#N/A,8.586308889,#N/A,#N/A,#N/A,#N/A,#N/A,#N/A,#N/A,#N/A,#N/A,#N/A,0
1960-2,#N/A,8.586308889,#N/A,#N/A,#N/A,#N/A,#N/A,#N/A,#N/A,#N/A,#N/A,#N/A,0
1960-3,#N/A,8.586308889,#N/A,#N/A,#N/A,#N/A,#N/A,#N/A,#N/A,#N/A,#N/A,#N/A,0
1960-4,#N/A,8.586308889,#N/A,#N/A,#N/A,#N/A,#N/A,#N/A,#N/A,#N/A,#N/A,#N/A,0
1961-1,#N/A,8.279642222,#N/A,#N/A,#N/A,#N/A,#N/A,#N/A,#N/A,#N/A,#N/A,#N/A,0
1961-2,#N/A,8.216308889,#N/A,#N/A,#N/A,#N/A,#N/A,#N/A,#N/A,#N/A,#N/A,#N/A,0
1961-3,#N/A,8.526308889,#N/A,#N/A,#N/A,#N/A,#N/A,#N/A,#N/A,#N/A,#N/A,#N/A,0
1961-4,#N/A,8.886308889,#N/A,#N/A,#N/A,#N/A,#N/A,#N/A,#N/A,#N/A,#N/A,#N/A,0
1962-1,#N/A,8.946308889,#N/A,#N/A,#N/A,#N/A,#N/A,#N/A,#N/A,#N/A,#N/A,#N/A,0
1962-2,#N/A,8.946308889,#N/A,#N/A,#N/A,#N/A,#N/A,#N/A,#N/A,#N/A,#N/A,#N/A,0
1962-3,#N/A,8.946308889,#N/A,#N/A,#N/A,#N/A,#N/A,#N/A,#N/A,#N/A,#N/A,#N/A,0
1962-4,#N/A,9.256308889,#N/A,#N/A,#N/A,#N/A,#N/A,#N/A,#N/A,#N/A,#N/A,#N/A,0
1963-1,#N/A,8.339642222,#N/A,#N/A,#N/A,#N/A,#N/A,#N/A,#N/A,#N/A,#N/A,#N/A,0
1963-2,#N/A,7.366308889,#N/A,#N/A,#N/A,#N/A,#N/A,#N/A,#N/A,#N/A,#N/A,#N/A,0
1963-3,#N/A,7.486308889,#N/A,#N/A,#N/A,#N/A,#N/A,#N/A,#N/A,#N/A,#N/A,#N/A,0
1963-4,#N/A,7.729642222,#N/A,#N/A,#N/A,#N/A,#N/A,#N/A,#N/A,#N/A,#N/A,#N/A,0
1964-1,#N/A,8.399642222,#N/A,#N/A,#N/A,#N/A,#N/A,#N/A,#N/A,#N/A,#N/A,#N/A,0
1964-2,#N/A,9.922975556,#N/A,#N/A,#N/A,#N/A,#N/A,#N/A,#N/A,#N/A,#N/A,#N/A,0
1964-3,#N/A,11.38297556,#N/A,#N/A,#N/A,#N/A,#N/A,#N/A,#N/A,#N/A,#N/A,#N/A,0
1964-4,#N/A,11.13630889,#N/A,#N/A,#N/A,#N/A,#N/A,#N/A,#N/A,#N/A,#N/A,#N/A,0
1965-1,#N/A,8.586308889,#N/A,#N/A,#N/A,#N/A,#N/A,#N/A,#N/A,#N/A,#N/A,#N/A,0
1965-2,#N/A,7.366308889,#N/A,#N/A,#N/A,#N/A,#N/A,#N/A,#N/A,#N/A,#N/A,#N/A,0
1965-3,#N/A,6.636308889,#N/A,#N/A,#N/A,#N/A,#N/A,#N/A,#N/A,#N/A,#N/A,#N/A,0
1965-4,#N/A,6.026308889,#N/A,#N/A,#N/A,#N/A,#N/A,#N/A,#N/A,#N/A,#N/A,#N/A,0
1966-1,#N/A,6.026308889,#N/A,#N/A,#N/A,#N/A,#N/A,#N/A,#N/A,#N/A,#N/A,#N/A,0
1966-2,#N/A,6.026308889,#N/A,#N/A,#N/A,#N/A,#N/A,#N/A,#N/A,#N/A,#N/A,#N/A,0
1966-3,#N/A,6.026308889,#N/A,#N/A,#N/A,#N/A,#N/A,#N/A,#N/A,#N/A,#N/A,#N/A,0
1966-4,#N/A,6.026308889,#N/A,#N/A,#N/A,#N/A,#N/A,#N/A,#N/A,#N/A,#N/A,#N/A,0
1967-1,#N/A,6.149642222,#N/A,#N/A,#N/A,#N/A,#N/A,#N/A,#N/A,#N/A,#N/A,#N/A,0
1967-2,#N/A,6.149642222,#N/A,#N/A,#N/A,#N/A,#N/A,#N/A,#N/A,#N/A,#N/A,#N/A,0
1967-3,#N/A,6.759642222,#N/A,#N/A,#N/A,#N/A,#N/A,#N/A,#N/A,#N/A,#N/A,#N/A,0
1967-4,#N/A,7.246308889,#N/A,#N/A,#N/A,#N/A,#N/A,#N/A,#N/A,#N/A,#N/A,#N/A,0
1968-1,#N/A,7.976308889,#N/A,#N/A,#N/A,#N/A,#N/A,#N/A,#N/A,#N/A,#N/A,#N/A,0
1968-2,#N/A,8.216308889,#N/A,#N/A,#N/A,#N/A,#N/A,#N/A,#N/A,#N/A,#N/A,#N/A,0
1968-3,#N/A,8.339642222,#N/A,#N/A,#N/A,#N/A,#N/A,#N/A,#N/A,#N/A,#N/A,#N/A,0
1968-4,#N/A,7.732975556,#N/A,#N/A,#N/A,#N/A,#N/A,#N/A,#N/A,#N/A,#N/A,#N/A,0
1969-1,#N/A,7.609642222,#N/A,#N/A,#N/A,#N/A,#N/A,#N/A,#N/A,#N/A,#N/A,#N/A,0
1969-2,#N/A,7.246308889,#N/A,#N/A,#N/A,#N/A,#N/A,#N/A,#N/A,#N/A,#N/A,#N/A,0
1969-3,#N/A,8.169642222,#N/A,#N/A,#N/A,#N/A,#N/A,#N/A,#N/A,#N/A,#N/A,#N/A,0
1969-4,#N/A,8.519642222,#N/A,#N/A,#N/A,#N/A,#N/A,#N/A,#N/A,#N/A,#N/A,#N/A,0
1970-1,#N/A,8.602975556,#N/A,#N/A,#N/A,#N/A,#N/A,#N/A,#N/A,#N/A,#N/A,#N/A,0
1970-2,#N/A,8.436308889,#N/A,#N/A,#N/A,#N/A,#N/A,#N/A,#N/A,#N/A,0.695242512,#N/A,0
1970-3,#N/A,8.686308889,#N/A,#N/A,#N/A,#N/A,#N/A,#N/A,#N/A,#N/A,1.697901929,#N/A,0
1970-4,#N/A,8.156308889,#N/A,#N/A,#N/A,#N/A,#N/A,#N/A,#N/A,#N/A,2.267734717,#N/A,0
1971-1,#N/A,7.482975556,#N/A,#N/A,#N/A,#N/A,#N/A,#N/A,#N/A,#N/A,1.398922947,#N/A,0
1971-2,#N/A,6.782975556,#N/A,#N/A,#N/A,#N/A,#N/A,#N/A,#N/A,#N/A,1.654031889,#N/A,0
1971-3,#N/A,6.422975556,#N/A,#N/A,#N/A,#N/A,#N/A,#N/A,#N/A,#N/A,1.759574732,#N/A,0
1971-4,#N/A,5.712975556,#N/A,#N/A,#N/A,#N/A,#N/A,#N/A,#N/A,#N/A,1.004462188,#N/A,0
1972-1,#N/A,5.309642222,#N/A,#N/A,#N/A,#N/A,#N/A,#N/A,#N/A,#N/A,0.988344456,#N/A,0
1972-2,#N/A,5.002975556,#N/A,#N/A,#N/A,#N/A,#N/A,#N/A,#N/A,#N/A,1.193657702,#N/A,0
1972-3,#N/A,4.650975556,#N/A,#N/A,#N/A,#N/A,#N/A,#N/A,#N/A,#N/A,1.755511892,#N/A,0
1972-4,#N/A,4.672975556,#N/A,#N/A,#N/A,#N/A,#N/A,#N/A,#N/A,#N/A,1.747530478,#N/A,0
1973-1,#N/A,5.375308889,#N/A,#N/A,#N/A,#N/A,#N/A,#N/A,#N/A,-0.037977243,2.440954908,#N/A,0
1973-2,#N/A,6.315642222,#N/A,#N/A,#N/A,#N/A,#N/A,#N/A,#N/A,-0.055989162,3.874513979,#N/A,0
1973-3,#N/A,8.067975556,#N/A,#N/A,#N/A,#N/A,#N/A,#N/A,#N/A,-0.272473852,3.573070215,#N/A,0
1973-4,#N/A,9.629308889,#N/A,#N/A,#N/A,#N/A,#N/A,#N/A,#N/A,0.095003535,4.631628602,#N/A,0
1974-1,#N/A,12.26297556,#N/A,#N/A,#N/A,#N/A,#N/A,#N/A,#N/A,0.032098055,8.253421196,#N/A,0
1974-2,#N/A,12.35964222,#N/A,#N/A,#N/A,#N/A,#N/A,#N/A,#N/A,0.27449008,4.17398027,#N/A,0
1974-3,#N/A,13.22330889,#N/A,#N/A,#N/A,#N/A,#N/A,#N/A,#N/A,0.956244477,4.101368891,#N/A,0
1974-4,#N/A,13.05564222,10.65166667,9.471333333,8.878666667,8.38,8.247,8.231666667,#N/A,1.055219517,4.986223337,#N/A,0
1975-1,#N/A,13.05097556,10.626,9.604,8.973,8.419666667,8.26,8.255,#N/A,0.457565967,1.756460504,#N/A,0
1975-2,#N/A,11.45297556,9.883666667,9.600666667,9.044666667,8.440333333,8.270333333,8.278,#N/A,0.251310767,2.065785099,#N/A,0
1975-3,#N/A,10.63930889,9.776,9.551,9.093,8.481666667,8.288666667,8.324333333,#N/A,0.240816233,2.016572002,#N/A,0
1975-4,#N/A,8.287308889,9.572333333,9.493333333,9.141,8.591,8.354333333,8.389666667,#N/A,0.058670927,1.784293628,#N/A,0
1976-1,#N/A,7.280642222,8.702333333,8.732666667,8.693333333,8.593666667,8.407,8.468666667,#N/A,-0.122067692,2.27713221,#N/A,0
1976-2,#N/A,6.987642222,8.571,8.633,8.594333333,8.617666667,8.528333333,8.496,#N/A,-0.082041799,2.403525293,#N/A,0
1976-3,#N/A,7.314642222,8.423666667,8.607333333,8.731,8.759,8.674666667,8.500666667,#N/A,-0.147862768,2.263886708,#N/A,0
1976-4,#N/A,7.070308889,8.328333333,8.542666667,8.780666667,8.978,8.811666667,8.476,#N/A,-0.167980639,2.276692773,#N/A,0
1977-1,#N/A,7.083642222,7.838333333,8.254,8.565333333,8.727,8.705,8.491333333,#N/A,-0.237858141,1.941359508,#N/A,0
1977-2,#N/A,5.695642222,7.131666667,7.401666667,7.614,7.793333333,7.843666667,7.800333333,#N/A,-0.26358641,1.911277453,#N/A,0
1977-3,#N/A,5.648975556,6.529333333,6.663666667,6.779333333,6.853666667,7.075333333,7.126666667,#N/A,-0.170104005,1.460991656,#N/A,0
1977-4,#N/A,5.035975556,6.303333333,6.518,6.679,6.661,6.884333333,6.85,#N/A,-0.201924486,1.227267108,#N/A,0
1978-1,#N/A,4.923642222,5.600666667,5.775,5.905333333,6.017666667,6.625,6.616,#N/A,-0.337720996,0.979270084,#N/A,0
1978-2,#N/A,4.288642222,5.239,5.4985,5.709,5.895333333,6.398666667,6.362666667,#N/A,-0.334791359,0.880269334,#N/A,0
1978-3,#N/A,4.548308889,#DIV/0!,#DIV/0!,5.9545,5.877333333,6.519,6.512333333,#N/A,-0.355055512,0.913267967,#N/A,0
1978-4,#N/A,4.412642222,#DIV/0!,#DIV/0!,5.676666667,5.932,6.473,6.464666667,#N/A,-0.370322704,0.574602175,#N/A,0
1979-1,#N/A,4.611308889,#DIV/0!,#DIV/0!,5.864333333,6.341333333,6.622333333,6.800666667,#N/A,-0.245434561,0.707843738,#N/A,0
1979-2,#N/A,5.301042222,#DIV/0!,#DIV/0!,7.227,7.572,7.766,7.924666667,#N/A,-0.216653397,1.009034847,#N/A,0
1979-3,#N/A,6.618942222,#DIV/0!,7.7085,7.539333333,7.657333333,7.688,8.038,#N/A,-0.235472436,1.354609728,#N/A,0
1979-4,#N/A,7.642708889,#DIV/0!,8.316333333,8.211,8.070333333,8.135333333,8.519333333,#N/A,-0.217952187,1.435118237,#N/A,0
1980-1,#N/A,9.361875556,#DIV/0!,9.285333333,9.124666667,8.548666667,8.793666667,8.847333333,#N/A,-0.040792528,1.964559545,#N/A,0
1980-2,#N/A,12.65797556,#DIV/0!,10.004,9.832,8.916,9.139333333,8.978666667,#N/A,-0.206705475,3.154962824,3.8,0
1980-3,#N/A,12.25014222,9.5955,9.250333333,9.18,8.435,8.666,8.489333333,#N/A,-0.001398422,1.442574221,3.8,0
1980-4,#N/A,10.19447556,9.675333333,9.533,9.286,8.642333333,9.114333333,8.659,#N/A,0.103554814,1.11521787,3.8,0
1981-1,#N/A,8.701608889,8.722333333,8.667666667,8.586666667,8.300333333,8.890333333,8.374333333,#N/A,0.164475478,1.004555853,3.8,0
1981-2,#N/A,7.306342222,8.251,8.37,8.271,8.073333333,9.035666667,8.114666667,#N/A,0.440887997,0.831101445,3.8,0
1981-3,#N/A,7.437208889,8.305666667,8.513,8.481,8.351666667,9.372666667,8.457333333,#N/A,0.374625292,1.08347469,3.8,0
1981-4,#N/A,7.036575556,7.798333333,8.031,8.041333333,8.121666667,8.703,8.373,#N/A,0.485241781,0.976436869,3.8,0
1982-1,#N/A,6.795542222,7.189,7.358666667,7.434,7.831,8.129,7.889,#N/A,0.745316847,0.591900828,3.8,0
1982-2,#N/A,7.358542222,7.370666667,7.457666667,7.512666667,7.877,8.132666667,7.905,#N/A,0.777350296,0.487947791,3.8,0
1982-3,#N/A,7.304608889,7.807,8.024,8.089,8.491333333,8.516,8.244666667,#N/A,0.381440844,0.834893511,3.8,0
1982-4,#N/A,7.027542222,7.566666667,7.754333333,7.842,8.284333333,8.289,8.158666667,#N/A,0.473835111,0.744733505,3.8,0
1983-1,-2.325854011,6.821975556,6.973,7.012666667,7.220333333,7.776,7.654333333,7.850333333,#N/A,0.242917001,0.172019568,3.9,0
1983-2,-1.99256375,6.377242222,6.787333333,6.890666667,7.084333333,7.797,7.371333333,7.801,#N/A,-0.013494471,0.228718864,3.9,0
1983-3,-1.745048985,6.645075556,6.724666667,6.911333333,7.087666667,7.812333333,7.325666667,7.861,#N/A,-0.163161087,0.360228539,4,0
1983-4,-1.078203605,6.469975556,6.537333333,6.609333333,6.846,7.368,7.187,7.567,#N/A,-0.021072046,0.812758266,4,0
1984-1,-0.56090223,6.368075556,6.198666667,6.341666667,6.734666667,7.066,7.132,7.390333333,#N/A,-0.055422231,0.464133918,4.1,0
1984-2,-0.527918912,6.030608889,6.536666667,6.558,6.81,7.083333333,7.011333333,7.411333333,#N/A,-0.144455529,0.526362037,4.1,0
1984-3,-0.408806998,6.339075556,6.546333333,6.555333333,6.965666667,7.099666667,7.105333333,7.351333333,#N/A,-0.028107364,0.464240918,4.2,0
1984-4,0.070926332,6.407408889,6.270666667,6.196333333,6.491,6.572,6.723,6.899,#N/A,-0.130585654,0.876165713,4.3,0
1985-1,0.011749994,6.435042222,6.256333333,6.282333333,6.602333333,6.542666667,6.920333333,6.926,#N/A,-0.084848412,0.452426076,4.3,0
1985-2,-0.249148228,6.254875556,6.456,6.431333333,6.555666667,6.425666667,6.710666667,6.793,#N/A,-0.108422511,0.297593139,4.4,0
1985-3,-0.540208349,6.387166667,6.141666667,6.180333333,6.248333333,6.179666667,6.230333333,6.387333333,#N/A,0.07350443,0.387101833,4.4,0
1985-4,-0.703002414,7.440333333,6.525,6.537,6.584,6.301666667,6.361666667,6.360666667,#N/A,0.141381152,0.229576108,4.5,0
1986-1,-0.69400351,6.275433333,5.391333333,5.59,5.569,5.538666667,5.697,5.672,#N/A,0.199530326,0.513767029,4.5,0
1986-2,-1.411059383,4.6293,4.811,4.886333333,4.86,5.2,5.386,5.036,#N/A,0.183531203,-0.026112932,4.6,0
1986-3,-1.511389902,4.688466667,4.747333333,4.823333333,4.786666667,5.098666667,5.245666667,5.360333333,5.257666667,0.575915051,-0.180204592,4.6,0
1986-4,-1.528951471,4.2521,4.619333333,4.684,4.588,4.775333333,5.021,5.371333333,5.565333333,0.60753402,0.010019258,4.7,0
1987-1,-1.661184103,4.1998,4.034,3.929333333,3.933666667,4.156333333,4.419333333,4.819333333,5.025666667,0.52549712,0.109317536,4.7,0
1987-2,-1.697272085,3.439166667,3.488333333,3.342,3.426,3.583666667,3.607,3.928333333,4.025,0.005542217,0.073361299,4.8,0
1987-3,-0.784757521,3.374766667,4.078,4.075333333,4.138666667,4.513,5.071333333,5.296,5.480333333,0.257142694,0.305242839,4.8,0
1987-4,0.409462319,3.661433333,4.181666667,4.276,4.396666667,4.800333333,5.077,5.336666667,5.473666667,-0.17551672,0.081300564,4.8,0
1988-1,1.169722091,3.686,3.616333333,3.69,3.835666667,4.135,4.331333333,4.790333333,4.585333333,-0.04148357,0.083676355,4.8,0
1988-2,1.200030896,3.517566667,3.545666667,3.686333333,3.798666667,4.015666667,4.164333333,4.667333333,4.996,0.062833162,-0.14302289,4.7,0
1988-3,1.401904086,3.9766,4.298333333,4.338,4.416333333,4.489,4.522666667,5.274,5.466666667,0.077099924,0.28184291,4.7,0
1988-4,1.719448558,4.158966667,3.956333333,3.997,4.064333333,4.066666667,4.142,4.740666667,4.784333333,0.379121551,0.369967229,4.6,0
1989-1,2.400817949,4.175763333,4.155666667,4.257,4.301333333,4.377,4.445333333,4.830333333,4.999,0.4208029,0.417624684,4.5,0
1989-2,2.471463197,4.744363333,4.841333333,4.924,4.916333333,4.907666667,4.849333333,5.100333333,5.115,0.594250421,1.621046322,4.4,0
1989-3,2.600967195,5.34546,5.123,5.085333333,5.155666667,5.072,4.919666667,5.017333333,5.053666667,0.781022996,0.486731306,4.3,0
1989-4,3.188198366,6.202803333,5.931333333,5.763666667,5.793666667,5.643,5.304,5.384333333,5.444666667,0.621766826,0.428674341,4.2,0
1990-1,3.767227002,6.680213333,6.826333333,6.822333333,6.689333333,6.599333333,6.689333333,6.592333333,6.391666667,0.399749771,0.648475289,4,0
1990-2,3.860351615,7.262003333,6.958333333,6.915,6.772333333,6.751,6.845666667,6.809,6.554,0.146285619,0.504860497,3.8,0
1990-3,4.237683546,7.610263333,7.801666667,7.662,7.592333333,7.547333333,7.558666667,7.377333333,7.362666667,-0.045522946,0.749494555,3.6,0
1990-4,4.713867651,8.03911,7.643,7.405,7.378666667,7.278,7.303333333,7.008666667,7.142666667,0.30768326,1.109396195,3.5,0
1991-1,4.621547523,8.150826667,7.044,6.856,6.743,6.627333333,6.674666667,6.476,6.494666667,0.342616718,0.748640592,3.3,0
1991-2,4.413348499,8.102333333,7.133,6.888,6.811,6.809,6.842666667,6.687333333,6.645333333,0.173655476,0.358738727,3,0
1991-3,4.129370713,7.33144,6.536666667,6.482333333,6.464666667,6.561,6.566333333,6.451333333,6.43,0.18259228,0.673023286,2.8,0
1991-4,3.642088263,6.51676,5.45,5.524333333,5.619,5.882,5.981333333,5.931666667,5.925333333,0.191408443,0.540929537,2.7,0
1992-1,3.279504385,5.62072,4.659,4.693333333,4.932333333,5.391333333,5.58,5.590666667,5.549,0.075956007,0.593798353,2.5,0
1992-2,2.145720891,4.75476,4.438666667,4.578333333,4.757333333,5.239333333,5.663,5.697,5.669666667,0.016308631,0.735268501,2.3,0
1992-3,1.354668321,4.292286667,3.647333333,3.836,4.053,4.565666667,4.969666667,5.204,5.214,0.067001963,0.34082631,2.1,0
1992-4,0.524621362,3.97149,3.397,3.542,3.707,4.256666667,4.647333333,4.873666667,4.963666667,0.107037306,0.389629596,2,0
1993-1,-0.289363819,3.472613333,3.095333333,3.280333333,3.412666667,3.896333333,4.260333333,4.376,4.552,0.045791801,0.235828296,1.9,0
1993-2,-0.738533679,3.19982,3.067,3.324,3.560333333,4.147666667,4.532333333,4.657666667,4.734333333,-0.00133035,0.291551816,1.8,0
1993-3,-1.060774819,3.083283333,2.652,2.905666667,3.148333333,3.661666667,4.047,4.324666667,4.373666667,-0.030604671,0.287150165,1.7,0
1993-4,-1.473492749,2.481693333,1.869333333,2.055333333,2.237,2.735666667,3.353333333,3.677,3.745666667,-0.108158199,0.104924857,1.7,0
1994-1,-1.981558426,2.273793333,2.018666667,2.255,2.521,3.067666667,3.652666667,3.946333333,3.999333333,-0.342751374,0.202511495,1.7,0
1994-2,-1.313014849,2.10932,2.303666667,2.576,2.864666667,3.452,3.965666667,4.136666667,4.159,-0.30807734,0.419947919,1.6,0
1994-3,-1.181736634,2.13378,2.417333333,2.821,3.290666667,3.954333333,4.465333333,4.529333333,4.585,-0.333342912,-0.047494545,1.6,0
1994-4,-0.898304984,2.265946667,2.577666667,3.105666667,3.565,4.180666667,4.576333333,4.603666667,4.654666667,-0.259666129,-0.079223274,1.6,0
1995-1,-0.479533756,2.218703333,2.231666667,2.676333333,3.158666667,3.863666667,4.312,4.43,4.443,-0.280151642,0.10927403,1.6,0
1995-2,-0.331260349,1.371666667,1.170333333,1.455,1.828666667,2.554666667,3.058333333,3.315,3.373,-0.246804081,-0.190681953,1.5,0
1995-3,-0.578190219,0.8,0.624,0.995,1.372333333,2.234,2.838666667,3.051333333,3.099666667,-0.2343298,0.059314507,1.5,0
1995-4,0.075334654,0.463333333,0.172666667,0.471,0.856333333,1.831666667,2.582,2.92,2.968,-0.076332958,0.067529408,1.5,0
1996-1,0.24759043,0.463333333,0.514,1.009333333,1.418666667,2.302,2.919333333,3.197333333,3.25,-0.261680274,-0.013402847,1.4,0
1996-2,0.500567334,0.476666667,0.663666667,1.227333333,1.637,2.466333333,2.993333333,3.235333333,3.323,-0.311335002,0.05403507,1.4,0
1996-3,0.952877622,0.463333333,0.579333333,1.095333333,1.498666667,2.299666667,2.802666667,3.082333333,3.158333333,-0.372784699,0.120201381,1.3,0
1996-4,1.17414505,0.483333333,0.323,0.668666667,1.000333333,1.746333333,2.275666667,2.645666667,2.729666667,-0.342310529,0.110093852,1.2,0
1997-1,1.698570463,0.496666667,0.345,0.591,0.898666667,1.6,2.134666667,2.492333333,2.587,-0.442635712,0.170325436,1.2,0
1997-2,1.249368766,0.496666667,0.651333333,0.937666667,1.211333333,1.786333333,2.236,2.507,2.592666667,-0.500561548,0.251679507,1.1,0
1997-3,0.865476864,0.49,0.489333333,0.703,0.955333333,1.538,1.979666667,2.244666667,2.358,-0.543169601,0.213446056,1,0
1997-4,0.34271168,0.453333333,0.434,0.559333333,0.776333333,1.251666667,1.587333333,1.870333333,1.954,-0.400115645,0.198145438,1,0
1998-1,-0.333215588,0.433333333,0.562333333,0.682666667,0.888333333,1.313666667,1.617333333,1.849333333,1.927,-0.374670967,-0.238424742,0.9,0
1998-2,-0.991140088,0.436666667,0.437666667,0.515666667,0.681,1.058666667,1.366,1.571666667,1.661333333,-0.399498911,-0.115755175,0.9,0
1998-3,-1.760837649,0.386666667,0.393666667,0.484,0.622,0.922666667,1.164,1.326666667,1.413666667,-0.060049046,-0.122406954,0.9,0
1998-4,-2.260220768,0.23,0.284333333,0.395666667,0.553666667,0.784,0.954666667,1.052666667,1.12,0.136702297,0.087566052,0.9,0
1999-1,-2.311285821,0.15,0.363,0.508666667,0.737333333,1.210666667,1.615666667,1.827666667,1.949,-0.11802789,0.021966532,0.9,0
1999-2,-2.770561284,0.03,0.133,0.224,0.335333333,0.73,1.135666667,1.384,1.515,-0.212898605,-0.070340466,0.9,0
1999-3,-1.970411627,0.03,0.170333333,0.370333333,0.532666667,1.028666667,1.414666667,1.653333333,1.765333333,-0.042400117,-0.131627659,0.9,0
1999-4,-1.542499492,0.023333333,0.151666667,0.316,0.449666667,0.965333333,1.420666667,1.728333333,1.740666667,-0.022564275,0.064883793,0.9,0
2000-1,-1.099196062,0.023333333,0.205666667,0.426,0.606666667,1.059666667,1.481666667,1.718666667,1.773666667,0.136766372,0.040951288,0.9,0
2000-2,-0.294450717,0.02,0.239666667,0.443333333,0.630666667,1.096,1.434,1.640333333,1.707,0.632408305,-0.125597559,0.9,0
2000-3,0.215867357,0.143333333,0.392,0.557333333,0.710666667,1.16,1.476666667,1.702666667,1.773,0.968085343,-0.143524706,1,0
2000-4,0.704401405,0.246666667,0.468666667,0.571,0.683,1.087,1.365666667,1.627,1.731666667,1.551281651,-0.405180346,1,0
2001-1,-0.036394392,0.203333333,0.269,0.296666667,0.396333333,0.725333333,0.979,1.253333333,1.361333333,1.122318276,-0.14504957,1,0
2001-2,-0.804583181,0.02,0.036333333,0.079333333,0.187,0.494333333,0.806333333,1.126,1.269,0.858010013,-0.178818311,1,0
2001-3,-2.058720945,0.008333333,0.040333333,0.083666667,0.182,0.473,0.819666667,1.202333333,1.342,0.888097617,-0.158109283,1,0
2001-4,-2.4841844,0.002333333,0.04,0.087,0.218333333,0.488333333,0.844,1.217,1.352333333,0.384848908,-0.288338991,1,0
2002-1,-3.015816078,0.001333333,0.035333333,0.067333333,0.246,0.608,1.031666667,1.386666667,1.464666667,0.486668709,-0.232493188,1,0
2002-2,-3.030509146,0.001,0.029333333,0.058333333,0.162666667,0.496333333,0.891666667,1.262666667,1.375333333,0.562293584,-0.237512775,1.1,0
2002-3,-2.380802008,0.003,0.016333333,0.037666667,0.122666667,0.369,0.721,1.103333333,1.231333333,1.509206549,-0.229328854,1.1,0
2002-4,-2.286588515,0.002,0.013333333,0.047333333,0.138,0.302333333,0.563666667,0.884666667,1.014,1.084931184,-0.184005175,1.1,0
2003-1,-2.233144547,0.001666667,0.019,0.049666667,0.130666667,0.272,0.475,0.706666667,0.798666667,0.521414994,-0.048582756,1.1,0
2003-2,-2.220362319,0.001,0.018,0.048,0.105333333,0.212666667,0.361333333,0.533,0.598,-0.30402615,0.072849085,1.1,0
2003-3,-2.084594538,0.001666667,0.023666667,0.126666667,0.273333333,0.538333333,0.839666667,1.122333333,1.198666667,-0.64857364,0.004831798,1.1,0
2003-4,-1.627317671,0.001,0.024666667,0.125,0.28,0.619333333,0.991333333,1.294333333,1.381666667,-0.562646052,-0.022098915,1.1,0
2004-1,-1.311808342,0.000666667,0.017666667,0.082333333,0.218333333,0.539333333,0.891,1.206666667,1.310666667,-0.544865052,-0.117223354,1.1,0
2004-2,-1.443871321,0.000666667,0.024333333,0.147666667,0.330333333,0.725333333,1.135666667,1.482,1.586666667,-0.538192223,-0.057159751,1.1,0
2004-3,-1.057194116,0.000666667,0.036333333,0.160666667,0.349,0.769,1.184333333,1.543666667,1.651,-0.445878137,0.044261809,1.1,0
2004-4,-1.311026756,0.001,0.016333333,0.109666667,0.261,0.618666667,0.981333333,1.325666667,1.455333333,-0.659495048,-0.03263355,1,0
2005-1,-0.77335361,0.001333333,0.01,0.104666667,0.263333333,0.593333333,0.934333333,1.267666667,1.397333333,-0.804428917,-0.015979403,1,0
2005-2,-0.705633207,0.001,0.010333333,0.080333333,0.196333333,0.481666667,0.796,1.129333333,1.274666667,-0.437024568,-0.01718175,0.9,0
2005-3,-0.360774391,0.001,0.023,0.127666667,0.264,0.583666667,0.906333333,1.212666667,1.342,-0.569342179,-0.161536996,0.9,0
2005-4,0.038703963,0.001,0.089,0.259666667,0.456333333,0.851,1.185666667,1.438,1.522666667,-0.349687054,0.071593001,0.8,0
2006-1,0.3345285,0.001333333,0.151,0.397,0.617666667,1.010666667,1.317333333,1.517333333,1.568333333,-0.395497117,0.115954744,0.7,0
2006-2,0.565037976,0.019333333,0.422,0.733666667,0.976333333,1.376333333,1.664,1.851666667,1.888,-0.422996149,0.010443237,0.6,0
2006-3,0.890145914,0.222,0.519333333,0.741666667,0.930333333,1.294,1.550333333,1.746333333,1.800333333,-0.330617898,0.013147495,0.5,0
2006-4,1.353708762,0.255333333,0.583333333,0.764666667,0.920666667,1.224666667,1.428333333,1.618333333,1.701333333,-0.430330047,0.014419445,0.4,0
2007-1,1.436086544,0.377666667,0.616333333,0.783666667,0.924333333,1.216,1.416333333,1.596,1.679,-0.503887199,-0.176073309,0.3,0
2007-2,1.502270891,0.514,0.724333333,0.911666667,1.049,1.327666667,1.512333333,1.677,1.746,-0.474401699,0.044538748,0.2,0
2007-3,1.592423216,0.498,0.757666667,0.921,1.025333333,1.293333333,1.453666667,1.649333333,1.722333333,0.059008656,0.007746107,0.1,0
2007-4,1.986474866,0.501,0.647666667,0.772666667,0.854666667,1.097666667,1.241333333,1.466,1.572666667,0.255131861,0.584886319,0.1,0
2008-1,1.719816207,0.505666667,0.534333333,0.574333333,0.650666667,0.861333333,1.013666667,1.271,1.396666667,0.910859657,0.355709148,0,0
2008-2,1.248957759,0.506666667,0.664,0.777333333,0.928333333,1.172,1.300333333,1.526666667,1.613,0.672031401,0.467321654,-0.1,0
2008-3,-0.01138822,0.500666667,0.639,0.75,0.890333333,1.095666667,1.179333333,1.431333333,1.522333333,1.314159507,0.960317155,-0.1,0
2008-4,-1.551020973,0.333,0.541666667,0.596333333,0.725333333,0.923333333,1.009333333,1.360666667,1.434333333,3.146634847,-0.720475908,-0.1,0.066666667
2009-1,-5.807152279,0.110333333,0.313333333,0.391333333,0.508,0.736333333,0.858,1.185,1.288333333,2.826039343,-0.759310423,-0.1,0.1
2009-2,-5.959718646,0.103333333,0.237333333,0.378333333,0.511333333,0.827,1.072666667,1.361333333,1.449666667,1.451563225,-0.453462997,0,0.1
2009-3,-4.974599411,0.103333333,0.174666667,0.248,0.357333333,0.663,0.918666667,1.221666667,1.353333333,0.098319883,-0.409861107,0.1,0.1
2009-4,-3.829440764,0.104,0.168333333,0.220666667,0.317,0.586333333,0.871666667,1.19,1.321333333,-0.252082707,-0.100493184,0.2,0.1
2010-1,-2.832835579,0.098,0.124333333,0.154333333,0.244666667,0.521333333,0.846,1.189333333,1.343,-0.142788811,0.018685073,0.2,0.1
2010-2,-2.220437871,0.093,0.135333333,0.156666667,0.215,0.462333333,0.755666667,1.119,1.286,-0.158803577,-0.505556596,0.3,0.1
2010-3,-1.314801971,0.093333333,0.122,0.135333333,0.161,0.327333333,0.564666667,0.903,1.057,-0.06107781,-0.5092999,0.4,0.1
2010-4,-1.253016057,0.089666667,0.132333333,0.161,0.211,0.374,0.606,0.913666667,1.047666667,-0.192392008,0.230710587,0.4,0.1
2011-1,-1.631227893,0.087666667,0.158666667,0.208666667,0.305333333,0.527666667,0.817666667,1.133333333,1.251,-0.209195122,-0.093419034,0.5,0.1
2011-2,-2.315181519,0.066666667,0.148,0.182333333,0.249666667,0.460333333,0.734333333,1.051,1.185666667,-0.145174733,0.119469135,0.6,0.1
2011-3,-1.250445872,0.078,0.119666667,0.143666667,0.196666667,0.366666667,0.603,0.919,1.058666667,0.079729352,0.002583286,0.6,0.1
2011-4,-0.473718514,0.078666667,0.117666667,0.134666667,0.195,0.361333333,0.58,0.883,1.009,0.196693532,-0.107618755,0.7,0.1
2012-1,-0.129214944,0.083,0.116,0.117666667,0.174666667,0.334333333,0.57,0.866333333,0.988333333,-0.060507813,-0.033575674,0.7,0.1
2012-2,-0.785829453,0.078333333,0.108,0.104666667,0.123333333,0.258,0.492666667,0.772333333,0.892333333,-0.060890789,0.110514647,0.7,0.1
2012-3,-1.228907784,0.085,0.101666667,0.098,0.101,0.206,0.421,0.680666667,0.797,-0.145811933,-0.106337982,0.8,0.1
2012-4,-1.359077713,0.084333333,0.099666667,0.098333333,0.099666667,0.19,0.395333333,0.642,0.756,-0.147051472,0.038701659,0.8,0.1
2013-1,-1.300651588,0.082666667,0.066666667,0.057333333,0.062666667,0.144,0.358,0.610333333,0.712666667,-0.083304421,-0.596433953,0.8,0.1
2013-2,-0.909458024,0.073,0.104,0.121,0.158666667,0.298,0.497666667,0.683333333,0.736,-0.349879999,0.705452387,0.8,0.1
2013-3,-0.357705197,0.072666667,0.102333333,0.118,0.143666667,0.284666667,0.498333333,0.711666667,0.769333333,-0.098122018,0.646872064,0.8,0.1
2013-4,0.418930191,0.072333333,0.084666667,0.094333333,0.123666667,0.208333333,0.383333333,0.575,0.640666667,-0.062268532,0.420556285,0.8,0.1
2014-1,0.575288843,0.074,0.074666667,0.081333333,0.109333333,0.196666667,0.361666667,0.554666667,0.629,-0.279199628,-0.688408413,0.8,0.1
2014-2,-0.120352,0.066666667,0.08,0.085,0.103666667,0.187,0.333333333,0.524,0.602666667,-0.367425218,1.104444094,0.8,0.1
2014-3,-0.193968141,0.067,0.053333333,0.070333333,0.086666667,0.159666667,0.274333333,0.452333333,0.533666667,-0.308225639,0.374133147,0.9,0.1
2014-4,-0.193067943,0.064,0.009,0.016,0.03,0.108333333,0.202666667,0.367,0.449,-0.055825633,-0.028353874,0.9,0.1
2015-1,-0.028526254,0.073333333,0.003333333,0.011333333,0.023333333,0.077666667,0.125,0.273666667,0.340666667,-0.20372611,0.494563167,0.9,0.1
2015-2,-0.314327024,0.067333333,0.002333333,0.000666667,0.010333333,0.102333333,0.179,0.336666667,0.404333333,0.043846031,-0.524954892,0.9,0.1
2015-3,-0.389359197,0.074333333,0.005333333,0.007,0.017333333,0.086333333,0.156666667,0.319333333,0.395333333,0.364004034,-0.025600854,0.9,0.1
2015-4,-0.479261093,0.076333333,-0.012666667,-0.010666667,0.003666667,0.043333333,0.089,0.232,0.31,0.522708581,0.024639748,0.9,0.1
2016-1,-0.406726361,0.034666667,-0.126666667,-0.142333333,-0.143666667,-0.119,-0.106666667,-0.002333333,0.061666667,0.800667616,0.173347842,0.9,-0.033333333
2016-2,-0.557454343,-0.050333333,-0.251,-0.252,-0.255666667,-0.241,-0.241666667,-0.167333333,-0.119666667,0.154636866,-0.486206291,1,-0.1
2016-3,-0.23590231,-0.046,-0.277,-0.255,-0.252333333,-0.239333333,-0.250666667,-0.179666667,-0.129333333,-0.056353029,-0.10606023,1,-0.1
2016-4,0.226248648,-0.043333333,-0.302666667,-0.217333333,-0.190666667,-0.145,-0.115333333,-0.046333333,-0.004666667,-0.379413018,0.185507447,1,-0.1
2017-1,0.477470882,-0.041666667,-0.299,-0.240333333,-0.176333333,-0.119333333,-0.041666667,0.039666667,0.074,-0.20137641,0.419432852,1,-0.1
2017-2,0.864194898,-0.054333333,-0.174333333,-0.168333333,-0.149,-0.121666667,-0.078666667,0.005333333,0.042333333,-0.156663969,-0.06277113,1,-0.1
2017-3,1.021223032,-0.053666667,-0.125666667,-0.128,-0.11,-0.088333333,-0.049,0.017333333,0.048333333,-0.17809894,0.175300279,1.1,-0.1
2017-4,1.28244131,-0.042333333,-0.161333333,-0.157666667,-0.131333333,-0.105666667,-0.059666667,0.014333333,0.050333333,-0.205532484,0.338612892,1.1,-0.1
2018-1,1.335427393,-0.048,-0.144333333,-0.146,-0.111333333,-0.097333333,-0.043,0.03,0.061,-0.282080486,0.300465502,1.1,-0.1
2018-2,1.515640051,-0.065,-0.137,-0.139,-0.122666667,-0.108333333,-0.053666667,0.011666667,0.045666667,-0.191473559,-0.004335117,1.1,-0.1
2018-3,1.269288521,-0.062666667,-0.119666667,-0.118333333,-0.102666667,-0.080666667,-0.019666667,0.052333333,0.094333333,-0.166424096,0.309953102,1.1,-0.1
2018-4,1.982288963,-0.066,-0.152333333,-0.132333333,-0.122666667,-0.093666667,-0.05,0.044,0.102,0.140143937,0.237364821,1.1,-0.1
2019-1,1.299599312,-0.054333333,-0.171,-0.164,-0.168,-0.166,-0.164666667,-0.077333333,-0.015,0.020975355,0.207259664,1.1,-0.1
