,YGAP_BOJ,YGAP_CO,YGR,SR,LR9Y,LR10Y,INFLALL,INFL,INFLCC,PGR,DI,dumm2002,dumm2006,dumm2009,DSR,IOR,INFLANN
"1960-1",#N/A,#N/A,5.0788473720000002,8.5863088889999997,#N/A,#N/A,#N/A,#N/A,#N/A,#N/A,#N/A,0,0,0,#N/A,0,#N/A
"1960-2",#N/A,#N/A,-0.62905638900000005,8.5863088889999997,#N/A,#N/A,#N/A,#N/A,#N/A,#N/A,#N/A,0,0,0,0,0,#N/A
"1960-3",#N/A,#N/A,5.0586920429999997,8.5863088889999997,#N/A,#N/A,#N/A,#N/A,#N/A,#N/A,#N/A,0,0,0,0,0,#N/A
"1960-4",#N/A,#N/A,4.9582135220000003,8.5863088889999997,#N/A,#N/A,#N/A,#N/A,#N/A,#N/A,#N/A,0,0,0,0,0,#N/A
"1961-1",#N/A,#N/A,1.177435284,8.2796422219999997,#N/A,#N/A,#N/A,#N/A,#N/A,#N/A,#N/A,0,0,0,-0.306666667,0,#N/A
"1961-2",#N/A,#N/A,1.314597105,8.2163088890000004,#N/A,#N/A,#N/A,#N/A,#N/A,#N/A,#N/A,0,0,0,-0.063333333000000006,0,#N/A
"1961-3",#N/A,#N/A,3.530783971,8.5263088889999992,#N/A,#N/A,#N/A,#N/A,#N/A,#N/A,#N/A,0,0,0,0.31,0,#N/A
"1961-4",#N/A,#N/A,5.7107407700000001,8.8863088890000004,#N/A,#N/A,#N/A,#N/A,#N/A,#N/A,#N/A,0,0,0,0.35999999999999999,0,#N/A
"1962-1",#N/A,#N/A,-0.51540923699999996,8.9463088890000009,#N/A,#N/A,#N/A,#N/A,#N/A,#N/A,#N/A,0,0,0,0.059999999999999998,0,#N/A
"1962-2",#N/A,#N/A,0.60278785099999999,8.9463088890000009,#N/A,#N/A,#N/A,#N/A,#N/A,#N/A,#N/A,0,0,0,0,0,#N/A
"1962-3",#N/A,#N/A,2.8319758020000001,8.9463088890000009,#N/A,#N/A,#N/A,#N/A,#N/A,#N/A,#N/A,0,0,0,0,0,#N/A
"1962-4",#N/A,#N/A,3.1800332359999999,9.2563088889999996,#N/A,#N/A,#N/A,#N/A,#N/A,#N/A,#N/A,0,0,0,0.31,0,#N/A
"1963-1",#N/A,#N/A,-0.50005221499999997,8.3396422220000002,#N/A,#N/A,#N/A,#N/A,#N/A,#N/A,#N/A,0,0,0,-0.91666666699999999,0,#N/A
"1963-2",#N/A,#N/A,2.1396234710000002,7.3663088889999999,#N/A,#N/A,#N/A,#N/A,#N/A,#N/A,#N/A,0,0,0,-0.97333333300000002,0,#N/A
"1963-3",#N/A,#N/A,4.5745641949999998,7.486308889,#N/A,#N/A,#N/A,#N/A,#N/A,#N/A,#N/A,0,0,0,0.12,0,#N/A
"1963-4",#N/A,#N/A,4.5547457439999999,7.7296422219999998,#N/A,#N/A,#N/A,#N/A,#N/A,#N/A,#N/A,0,0,0,0.24333333300000001,0,#N/A
"1964-1",#N/A,#N/A,1.275479263,8.3996422220000007,#N/A,#N/A,#N/A,#N/A,#N/A,#N/A,#N/A,0,0,0,0.67000000000000004,0,#N/A
"1964-2",#N/A,#N/A,1.619731517,9.9229755560000008,#N/A,#N/A,#N/A,#N/A,#N/A,#N/A,#N/A,0,0,0,1.5233333339999999,0,#N/A
"1964-3",#N/A,#N/A,3.1663329500000001,11.38297556,#N/A,#N/A,#N/A,#N/A,#N/A,#N/A,#N/A,0,0,0,1.4600000040000001,0,#N/A
"1964-4",#N/A,#N/A,2.335056625,11.13630889,#N/A,#N/A,#N/A,#N/A,#N/A,#N/A,#N/A,0,0,0,-0.24666667,0,#N/A
"1965-1",#N/A,#N/A,-1.0582915310000001,8.5863088889999997,#N/A,#N/A,#N/A,#N/A,#N/A,#N/A,#N/A,0,0,0,-2.5500000009999999,0,#N/A
"1965-2",#N/A,#N/A,0.46532223499999997,7.3663088889999999,#N/A,#N/A,#N/A,#N/A,#N/A,#N/A,#N/A,0,0,0,-1.22,0,#N/A
"1965-3",#N/A,#N/A,3.9008197920000001,6.6363088890000004,#N/A,#N/A,#N/A,#N/A,#N/A,#N/A,#N/A,0,0,0,-0.72999999999999998,0,#N/A
"1965-4",#N/A,#N/A,2.6415009860000001,6.0263088890000001,#N/A,#N/A,#N/A,#N/A,#N/A,#N/A,#N/A,0,0,0,-0.60999999999999999,0,#N/A
"1966-1",#N/A,#N/A,0.76924725100000002,6.0263088890000001,#N/A,#N/A,#N/A,#N/A,#N/A,#N/A,#N/A,0,0,0,0,0,#N/A
"1966-2",#N/A,#N/A,3.1088903779999999,6.0263088890000001,#N/A,#N/A,#N/A,#N/A,#N/A,#N/A,#N/A,0,0,0,0,0,#N/A
"1966-3",#N/A,#N/A,4.0688914399999998,6.0263088890000001,#N/A,#N/A,#N/A,#N/A,#N/A,#N/A,#N/A,0,0,0,0,0,#N/A
"1966-4",#N/A,#N/A,3.0915357860000001,6.0263088890000001,#N/A,#N/A,#N/A,#N/A,#N/A,#N/A,#N/A,0,0,0,0,0,#N/A
"1967-1",#N/A,#N/A,0.74238256199999997,6.1496422219999998,#N/A,#N/A,#N/A,#N/A,#N/A,#N/A,#N/A,0,0,0,0.123333333,0,#N/A
"1967-2",#N/A,#N/A,1.8964365249999999,6.1496422219999998,#N/A,#N/A,#N/A,#N/A,#N/A,#N/A,#N/A,0,0,0,0,0,#N/A
"1967-3",#N/A,#N/A,5.1211523559999996,6.7596422220000001,#N/A,#N/A,#N/A,#N/A,#N/A,#N/A,#N/A,0,0,0,0.60999999999999999,0,#N/A
"1967-4",#N/A,#N/A,3.0268562530000001,7.2463088889999998,#N/A,#N/A,#N/A,#N/A,#N/A,#N/A,#N/A,0,0,0,0.486666667,0,#N/A
"1968-1",#N/A,#N/A,0.48211439499999997,7.9763088890000002,#N/A,#N/A,#N/A,#N/A,#N/A,#N/A,#N/A,0,0,0,0.72999999999999998,0,#N/A
"1968-2",#N/A,#N/A,2.6129791060000001,8.2163088890000004,#N/A,#N/A,#N/A,#N/A,#N/A,#N/A,#N/A,0,0,0,0.23999999999999999,0,#N/A
"1968-3",#N/A,#N/A,3.8980530610000002,8.3396422220000002,#N/A,#N/A,#N/A,#N/A,#N/A,#N/A,#N/A,0,0,0,0.123333333,0,#N/A
"1968-4",#N/A,#N/A,6.8320066270000002,7.7329755560000004,#N/A,#N/A,#N/A,#N/A,#N/A,#N/A,#N/A,0,0,0,-0.60666666599999997,0,#N/A
"1969-1",#N/A,#N/A,-0.99664574800000005,7.6096422219999997,#N/A,#N/A,#N/A,#N/A,#N/A,#N/A,#N/A,0,0,0,-0.123333334,0,#N/A
"1969-2",#N/A,#N/A,2.1164487360000002,7.2463088889999998,#N/A,#N/A,#N/A,#N/A,#N/A,#N/A,#N/A,0,0,0,-0.36333333299999998,0,#N/A
"1969-3",#N/A,#N/A,4.0316900430000002,8.1696422220000002,#N/A,#N/A,#N/A,#N/A,#N/A,#N/A,#N/A,0,0,0,0.92333333299999998,0,#N/A
"1969-4",#N/A,#N/A,5.018229753,8.5196422219999999,#N/A,#N/A,#N/A,#N/A,#N/A,#N/A,#N/A,0,0,0,0.34999999999999998,0,#N/A
"1970-1",#N/A,#N/A,1.1475799849999999,8.6029755560000005,#N/A,#N/A,#N/A,#N/A,#N/A,#N/A,#N/A,0,0,0,0.083333333999999995,0,#N/A
"1970-2",#N/A,#N/A,0.430188246,8.4363088889999993,#N/A,#N/A,0.52345870800000005,0.69524251199999998,0.75975364599999995,#N/A,#N/A,0,0,0,-0.16666666699999999,0,2.7809700479999999
"1970-3",#N/A,#N/A,4.3217076690000003,8.6863088889999993,#N/A,#N/A,0.97402957499999998,1.6979019289999999,1.596166237,#N/A,#N/A,0,0,0,0.25,0,6.7916077159999997
"1970-4",#N/A,#N/A,0.747873966,8.156308889,#N/A,#N/A,2.8964124600000001,2.2677347170000002,2.417829749,#N/A,#N/A,0,0,0,-0.53000000000000003,0,9.0709388680000007
"1971-1",#N/A,#N/A,-0.96525892700000004,7.4829755560000004,#N/A,#N/A,1.4864023019999999,1.398922947,1.3114013360000001,#N/A,#N/A,0,0,0,-0.67333333299999998,0,5.5956917879999999
"1971-2",#N/A,#N/A,0.82733709700000002,6.7829755560000002,#N/A,#N/A,0.98543327199999997,1.6540318890000001,1.6161456949999999,#N/A,#N/A,0,0,0,-0.69999999999999996,0,6.6161275560000004
"1971-3",#N/A,#N/A,2.8360431670000001,6.4229755559999999,#N/A,#N/A,1.8723346080000001,1.7595747319999999,1.757156433,#N/A,#N/A,0,0,0,-0.35999999999999999,0,7.0382989279999997
"1971-4",#N/A,#N/A,1.9941704709999999,5.712975556,#N/A,#N/A,1.2472717760000001,1.004462188,1.157626966,#N/A,#N/A,0,0,0,-0.70999999999999996,0,4.0178487519999999
"1972-1",#N/A,#N/A,1.338208507,5.3096422219999999,#N/A,#N/A,0.34145841799999999,0.98834445599999998,0.98979986200000003,#N/A,#N/A,0,0,0,-0.40333333399999999,0,3.9533778239999999
"1972-2",#N/A,#N/A,1.094003847,5.002975556,#N/A,#N/A,1.529118593,1.1936577020000001,1.3419068439999999,#N/A,#N/A,0,0,0,-0.30666666599999998,0,4.7746308080000004
"1972-3",#N/A,#N/A,3.7667730389999998,4.6509755559999997,#N/A,#N/A,1.65902035,1.7555118919999999,1.744672223,#N/A,#N/A,0,0,0,-0.35199999999999998,0,7.0220475679999996
"1972-4",#N/A,#N/A,3.6160799579999998,4.6729755559999999,#N/A,#N/A,1.3264231870000001,1.7475304780000001,1.9201007640000001,#N/A,#N/A,0,0,0,0.021999999999999999,0,6.9901219120000002
"1973-1",#N/A,#N/A,1.423316483,5.3753088890000003,#N/A,#N/A,2.7035245730000002,2.4409549080000001,2.5058717640000001,#N/A,#N/A,0,0,0,0.702333333,0,9.7638196320000006
"1973-2",#N/A,#N/A,0.133860172,6.3156422220000001,#N/A,#N/A,4.2116276020000001,3.8745139790000001,3.8145452230000001,#N/A,#N/A,0,0,0,0.94033333299999999,0,15.498055916
"1973-3",#N/A,#N/A,1.8944798860000001,8.0679755560000004,#N/A,#N/A,3.859167341,3.573070215,3.9239201069999998,#N/A,#N/A,0,0,0,1.752333334,0,14.29228086
"1973-4",#N/A,#N/A,2.3224448930000001,9.6293088890000007,#N/A,#N/A,4.2905608600000003,4.6316286020000001,4.2812441679999997,#N/A,#N/A,0,0,0,1.5613333330000001,0,18.526514408000001
"1974-1",#N/A,#N/A,-5.2312352029999998,12.262975559999999,#N/A,#N/A,9.055610239,8.2534211959999997,8.1258847870000004,#N/A,#N/A,0,0,0,2.6336666709999998,0,33.013684783999999
"1974-2",#N/A,#N/A,-0.058897608999999997,12.35964222,#N/A,#N/A,3.8836793809999999,4.1739802700000004,3.8961290000000002,#N/A,8,0,0,0,0.096666660000000001,0,16.695921080000002
"1974-3",#N/A,#N/A,2.8982929209999999,13.22330889,#N/A,#N/A,4.544146971,4.1013688909999999,3.8623946459999998,#N/A,-15,0,0,0,0.86366666999999997,0,16.405475564
"1974-4",#N/A,#N/A,0.52527345400000003,13.055642219999999,8.2316666670000007,#N/A,4.2701065229999999,4.9862233370000002,5.029432924,#N/A,-30,0,0,0,-0.16766666999999999,0,19.944893348000001
"1975-1",#N/A,#N/A,-1.730669477,13.050975559999999,8.2550000000000008,#N/A,1.792885735,1.7564605040000001,1.7647751389999999,#N/A,-47,0,0,0,-0.0046666600000000004,0,7.0258420160000004
"1975-2",#N/A,#N/A,1.429336422,11.45297556,8.2780000000000005,#N/A,2.0708955969999998,2.0657850990000002,2.2060920099999999,#N/A,-47,0,0,0,-1.5980000000000001,0,8.2631403960000007
"1975-3",#N/A,#N/A,2.7544652869999999,10.639308890000001,8.3243333330000002,#N/A,1.858326406,2.0165720020000002,2.0322502660000001,#N/A,-42,0,0,0,-0.81366667000000004,0,8.0662880080000008
"1975-4",#N/A,#N/A,2.1362413949999999,8.2873088890000002,8.3896666670000002,#N/A,2.461588296,1.7842936279999999,1.904407084,#N/A,-35,0,0,0,-2.352000001,0,7.1371745119999996
"1976-1",#N/A,#N/A,-1.027517255,7.280642222,8.4686666670000008,#N/A,2.3202400889999999,2.27713221,2.3199640069999998,#N/A,-32,0,0,0,-1.006666667,0,9.10852884
"1976-2",#N/A,#N/A,-0.18744306199999999,6.9876422219999998,8.4960000000000004,#N/A,2.3995486750000001,2.403525293,2.4826632119999998,#N/A,-13,0,0,0,-0.29299999999999998,0,9.6141011719999998
"1976-3",#N/A,#N/A,3.0266213789999998,7.3146422219999998,8.5006666670000008,#N/A,2.104293271,2.2638867079999998,1.9607332580000001,#N/A,-5,0,0,0,0.32700000000000001,0,9.0555468319999992
"1976-4",#N/A,#N/A,1.193675877,7.0703088889999997,8.4760000000000009,#N/A,2.351226654,2.2766927730000002,2.2476704650000001,#N/A,-5,0,0,0,-0.24433333300000001,0,9.1067710920000007
"1977-1",#N/A,#N/A,0.28750462100000002,7.0836422219999999,8.491333333,#N/A,2.3447152729999998,1.9413595079999999,1.964218298,#N/A,-14,0,0,0,0.013333332999999999,0,7.7654380319999996
"1977-2",#N/A,#N/A,-0.075330193000000004,5.695642222,7.8003333330000002,#N/A,1.8691708810000001,1.9112774530000001,2.0313622520000001,#N/A,-14,0,0,0,-1.3879999999999999,0,7.6451098120000003
"1977-3",#N/A,#N/A,2.2907626360000002,5.6489755559999999,7.1266666670000003,#N/A,1.11196458,1.460991656,1.7188910930000001,#N/A,-18,0,0,0,-0.046666666000000002,0,5.8439666240000001
"1977-4",#N/A,#N/A,2.4444618299999998,5.0359755560000004,6.8499999999999996,#N/A,0.90509586600000003,1.2272671079999999,1.1430532170000001,#N/A,-19,0,0,0,-0.61299999999999999,0,4.9090684319999998
"1978-1",#N/A,#N/A,-0.0050259570000000002,4.9236422219999998,6.6159999999999997,#N/A,0.78490989099999997,0.97927008400000004,0.99489841700000003,#N/A,-19,0,0,0,-0.11233333400000001,0,3.9170803360000002
"1978-2",#N/A,#N/A,0.19080812899999999,4.288642222,6.3626666670000001,#N/A,1.1490710829999999,0.88026933399999996,1.189168351,#N/A,-6,0,0,0,-0.63500000000000001,0,3.5210773359999998
"1978-3",#N/A,#N/A,2.912132959,4.5483088890000003,6.5123333329999999,#N/A,1.5064183529999999,0.91326796700000001,1.0801460009999999,#N/A,2,0,0,0,0.25966666700000002,0,3.6530718680000001
"1978-4",#N/A,#N/A,2.5319962650000001,4.4126422219999997,6.4646666670000004,#N/A,0.22234045799999999,0.57460217499999999,0.81347154099999996,#N/A,5,0,0,0,-0.13566666699999999,0,2.2984087
"1979-1",#N/A,#N/A,-0.39131276199999998,4.611308889,6.8006666669999998,#N/A,0.15214311,0.707843738,0.67680980800000001,#N/A,9,0,0,0,0.19866666699999999,0,2.831374952
"1979-2",#N/A,#N/A,1.039346551,5.3010422220000004,7.9246666670000003,#N/A,1.4322889160000001,1.0090348469999999,0.69978679099999996,#N/A,20,0,0,0,0.68973333299999995,0,4.0361393879999996
"1979-3",#N/A,#N/A,2.3730339580000002,6.6189422220000003,8.0380000000000003,#N/A,1.63368201,1.354609728,1.0579881170000001,#N/A,22,0,0,0,1.3179000000000001,0,5.4184389120000001
"1979-4",#N/A,#N/A,1.512758885,7.6427088889999997,8.5193333330000005,#N/A,1.612324657,1.435118237,0.98400861100000003,#N/A,20,0,0,0,1.0237666670000001,0,5.7404729479999999
"1980-1",#N/A,-0.5,-0.75973092399999997,9.3618755559999993,8.8473333329999999,#N/A,2.3833229810000001,1.964559545,1.6741438740000001,#N/A,16,0,0,0,1.7191666670000001,0,7.8582381799999999
"1980-2",#N/A,-2.1000000000000001,-0.67772680699999999,12.657975560000001,8.9786666670000006,#N/A,2.2800303309999999,3.1549628240000001,2.112641966,3.7999999999999998,19,0,0,0,3.2961000039999999,0,12.619851296
"1980-3",#N/A,-1,1.9628233530000001,12.250142220000001,8.4893333329999994,#N/A,1.6338248900000001,1.4425742210000001,1.5398996309999999,3.7999999999999998,7,0,0,0,-0.40783333999999999,0,5.7702968840000004
"1980-4",#N/A,0.10000000000000001,2.153299675,10.194475560000001,8.6590000000000007,#N/A,1.0838301109999999,1.1152178699999999,1.254775124,3.7999999999999998,-1,0,0,0,-2.05566666,0,4.4608714799999998
"1981-1",#N/A,-0.10000000000000001,0.74527583399999997,8.7016088889999992,8.3743333329999992,#N/A,1.344183769,1.0045558530000001,1.057973541,3.7999999999999998,-9,0,0,0,-1.492866671,0,4.0182234120000002
"1981-2",#N/A,-0.10000000000000001,1.0183595489999999,7.3063422219999996,8.1146666669999998,#N/A,0.85383001999999997,0.83110144500000005,0.91165263399999996,3.7999999999999998,-11,0,0,0,-1.395266667,0,3.3244057800000002
"1981-3",#N/A,-0.59999999999999998,0.229578587,7.4372088889999999,8.4573333329999993,#N/A,0.82303860699999998,1.0834746900000001,0.91289820200000005,3.7999999999999998,-11,0,0,0,0.13086666699999999,0,4.3338987600000003
"1981-4",#N/A,-1,0.62169551700000003,7.0365755559999998,8.3729999999999993,#N/A,0.99080059499999995,0.97643686900000004,0.94908389100000001,3.7999999999999998,-9,0,0,0,-0.40063333299999998,0,3.9057474760000002
"1982-1",#N/A,-0.59999999999999998,1.4014548120000001,6.7955422219999999,7.8890000000000002,#N/A,0.42569109300000002,0.59190082799999999,0.569826465,3.7999999999999998,-12,0,0,0,-0.24103333399999999,0,2.367603312
"1982-2",#N/A,-0.80000000000000004,0.72111973500000004,7.3585422219999996,7.9050000000000002,#N/A,0.370335519,0.48794779100000002,0.601711836,3.7999999999999998,-15,0,0,0,0.56299999999999994,0,1.9517911640000001
"1982-3",#N/A,-1.3999999999999999,0.26968266899999999,7.3046088889999998,8.2446666670000006,#N/A,0.96033775099999996,0.83489351099999998,0.71703445499999996,3.7999999999999998,-20,0,0,0,-0.053933333,0,3.3395740439999999
"1982-4",#N/A,-0.90000000000000002,1.5244599510000001,7.0275422220000001,8.1586666670000003,#N/A,0.66742697299999998,0.74473350500000002,0.74373398599999996,3.7999999999999998,-25,0,0,0,-0.27706666699999999,0,2.9789340200000001
"1983-1",-2.3258540110000001,-1.3,0.51621572199999999,6.8219755559999999,7.850333333,#N/A,0.092659863999999995,0.17201956800000001,0.23299556399999999,3.8999999999999999,-29,0,0,0,-0.20556666600000001,0,0.68807827200000005
"1983-2",-1.99256375,-1.3999999999999999,0.90215615599999999,6.3772422219999996,7.8010000000000002,#N/A,0.61918144799999997,0.22871886399999999,0.63023435000000005,3.8999999999999999,-19,0,0,0,-0.44473333399999998,0,0.91487545599999998
"1983-3",-1.7450489849999999,-1.1000000000000001,1.2277851529999999,6.6450755560000001,7.8609999999999998,#N/A,0.090456746000000005,0.36022853900000001,0.48791098799999999,4,-17,0,0,0,0.26783333399999998,0,1.4409141560000001
"1983-4",-1.0782036049999999,-1.3,0.80632408700000002,6.4699755559999996,7.5670000000000002,#N/A,0.85654355299999996,0.81275826600000001,0.83051083800000003,4,-12,0,0,0,-0.17510000000000001,0,3.251033064
"1984-1",-0.56090222999999995,-1.2,1.1660930490000001,6.368075556,7.3903333330000001,#N/A,0.79174414699999995,0.46413391799999998,0.53072907999999996,4.0999999999999996,-7,0,0,0,-0.1019,0,1.8565356719999999
"1984-2",-0.52791891199999996,-0.29999999999999999,1.9712698360000001,6.0306088889999998,7.411333333,#N/A,0.31161177099999998,0.52636203699999995,0.61892337900000005,4.0999999999999996,1,0,0,0,-0.337466667,0,2.1054481479999998
"1984-3",-0.40880699799999998,-0.59999999999999998,0.61420859999999999,6.3390755560000001,7.3513333330000004,#N/A,0.28847061400000001,0.464240918,0.45786953699999999,4.2000000000000002,3,0,0,0,0.30846666700000003,0,1.856963672
"1984-4",0.070926331999999995,-1.2,0.45923225000000001,6.4074088890000001,6.899,#N/A,0.92916016700000004,0.87616571300000001,0.91458952999999998,4.2999999999999998,4,0,0,0,0.068333332999999996,0,3.5046628520000001
"1985-1",0.011749994,-1,1.2609054399999999,6.4350422219999999,6.9260000000000002,#N/A,0.59729407999999995,0.45242607600000001,0.66763665800000005,4.2999999999999998,2,0,0,0,0.027633333,0,1.809704304
"1985-2",-0.249148228,-0.10000000000000001,2.028126506,6.254875556,6.7930000000000001,#N/A,0.28875308100000002,0.29759313900000001,0.39413979100000002,4.4000000000000004,2,0,0,0,-0.180166666,0,1.190372556
"1985-3",-0.54020834900000003,0.29999999999999999,1.365278065,6.3871666669999998,6.3873333329999999,#N/A,0.45209213700000001,0.38710183300000001,0.43757422099999999,4.4000000000000004,0,0,0,0,0.13229111099999999,0,1.548407332
"1985-4",-0.70300241399999996,0.80000000000000004,1.742068682,7.4403333329999999,6.3606666670000003,#N/A,0.23426710100000001,0.229576108,0.30797918699999999,4.5,-5,0,0,0,1.0531666660000001,0,0.918304432
"1986-1",-0.69400351000000005,-0.40000000000000002,-0.084906947999999996,6.2754333329999996,5.6719999999999997,#N/A,0.55912409399999996,0.51376702900000004,0.64960772300000003,4.5,-11,0,0,0,-1.1649,0,2.0550681160000002
"1986-2",-1.411059383,-1.1000000000000001,0.43360938599999999,4.6292999999999997,5.0359999999999996,#N/A,-0.37789599899999998,-0.026112931999999998,0.22826154200000001,4.5999999999999996,-14,0,0,0,-1.6461333330000001,0,-0.10445172799999999
"1986-3",-1.5113899019999999,-1.6000000000000001,0.54329082699999998,4.6884666670000001,5.3603333329999998,5.2576666669999996,-0.20440541600000001,-0.180204592,0.31440236399999999,4.5999999999999996,-16,0,0,0,0.059166666999999999,0,-0.72081836799999999
"1986-4",-1.5289514710000001,-1.5,1.318067326,4.2521000000000004,5.3713333329999999,5.5653333329999999,-0.19675608,0.010019258,0.28305703900000001,4.7000000000000002,-17,0,0,0,-0.43636666699999999,0,0.040077031999999999
"1987-1",-1.6611841030000001,-2.3999999999999999,0.20278072599999999,4.1997999999999998,4.8193333330000003,5.0256666670000003,-0.032428818999999998,0.10931753600000001,0.25402675000000002,4.7000000000000002,-17,0,0,0,-0.052299999999999999,0,0.43727014400000003
"1987-2",-1.697272085,-1.7,1.958370022,3.4391666669999998,3.9283333329999999,4.0250000000000004,0.55563996100000002,0.073361299000000005,-0.031186284000000002,4.7999999999999998,-13,0,0,0,-0.76063333300000002,0,0.29344519600000002
"1987-3",-0.78475752099999996,-1.1000000000000001,1.7037959709999999,3.3747666669999998,5.2960000000000003,5.4803333329999999,0.13302788800000001,0.30524283899999999,0.363455211,4.7999999999999998,-4,0,0,0,-0.064399999999999999,0,1.220971356
"1987-4",0.40946231900000002,0.40000000000000002,2.7529705180000001,3.6614333330000002,5.3366666670000003,5.4736666669999998,0.081127109000000003,0.081300564000000006,0.13616009800000001,4.7999999999999998,10,0,0,0,0.28666666600000001,0,0.32520225600000002
"1988-1",1.1697220909999999,0.90000000000000002,1.7044207840000001,3.6859999999999999,4.7903333330000004,4.5853333330000003,0.051793688999999997,0.083676354999999994,0.23471410700000001,4.7999999999999998,17,0,0,0,0.024566667,0,0.33470541999999998
"1988-2",1.2000308959999999,0.29999999999999999,0.63579788000000004,3.5175666670000001,4.6673333330000002,4.9960000000000004,-0.077112768999999998,-0.14302289000000001,-0.039403765,4.7000000000000002,29,0,0,0,-0.16843333299999999,0,-0.57209156000000005
"1988-3",1.401904086,1,1.6932113310000001,3.9765999999999999,5.274,5.4666666670000001,0.53927663599999998,0.28184291,0.22688440000000001,4.7000000000000002,31,0,0,0,0.45903333299999999,0,1.12737164
"1988-4",1.7194485580000001,1.1000000000000001,1.2388078140000001,4.1589666669999996,4.7406666670000002,4.7843333330000002,0.60399220799999997,0.36996722900000001,0.51659638299999999,4.5999999999999996,33,0,0,0,0.18236666700000001,0,1.479868916
"1989-1",2.4008179489999999,2,2.119916312,4.1757633329999999,4.8303333329999996,4.9989999999999997,-0.013793102,0.41762468400000002,0.37608651100000001,4.5,35,0,0,0,0.016796665999999998,0,1.6704987360000001
"1989-2",2.4714631969999998,-0.10000000000000001,-1.0186087859999999,4.7443633329999999,5.100333333,5.1150000000000002,1.5210485920000001,1.621046322,1.7104829079999999,4.4000000000000004,41,0,0,0,0.56859999999999999,0,6.4841852879999999
"1989-3",2.600967195,0.29999999999999999,1.4021176500000001,5.3454600000000001,5.0173333329999998,5.0536666669999999,0.62993845599999998,0.48673130599999997,0.47758809000000002,4.2999999999999998,39,0,0,0,0.60109666699999997,0,1.9469252239999999
"1989-4",3.188198366,2.2000000000000002,2.9415720140000001,6.2028033330000003,5.3843333329999998,5.4446666669999999,0.43883865599999999,0.42867434100000001,0.47664552399999999,4.2000000000000002,38,0,0,0,0.85734333299999999,0,1.7146973640000001
"1990-1",3.7672270019999998,0.5,-0.69376336500000002,6.6802133330000002,6.592333333,6.391666667,0.92747181999999995,0.64847528899999995,0.60176266,4,37,0,0,0,0.47741,0,2.5939011559999998
"1990-2",3.8603516149999999,2.2000000000000002,2.7005793229999999,7.262003333,6.8090000000000002,6.5540000000000003,0.52620957099999999,0.50486049700000002,0.470950125,3.7999999999999998,36,0,0,0,0.58179000000000003,0,2.0194419880000001
"1990-3",4.2376835460000004,3.2000000000000002,1.7904438629999999,7.6102633329999998,7.3773333330000002,7.3626666670000001,0.71634723,0.74949455499999995,0.75175586699999997,3.6000000000000001,37,0,0,0,0.34826000000000001,0,2.9979782199999998
"1990-4",4.7138676510000002,2.2000000000000002,-0.024864144000000001,8.0391100000000009,7.008666667,7.1426666670000003,1.382005779,1.109396195,0.86989245100000001,3.5,34,0,0,0,0.42884666700000001,0,4.4375847799999999
"1991-1",4.6215475230000003,2.5,1.0408821370000001,8.1508266670000005,6.476,6.4946666669999997,0.98739304100000003,0.74864059199999999,0.87342432599999997,3.2999999999999998,31,0,0,0,0.11171666700000001,0,2.994562368
"1991-2",4.4133484989999996,2.6000000000000001,0.93823403699999997,8.1023333330000007,6.6873333329999998,6.645333333,0.29883461500000003,0.35873872699999998,0.49627299000000002,3,29,0,0,0,-0.048493333999999999,0,1.4349549079999999
"1991-3",4.1293707130000001,1.8,-0.19420437800000001,7.3314399999999997,6.451333333,6.4299999999999997,0.44784640599999997,0.67302328600000005,0.72167710399999996,2.7999999999999998,24,0,0,0,-0.77089333299999996,0,2.6920931440000002
"1991-4",3.6420882630000002,1.8999999999999999,0.794894251,6.5167599999999997,5.931666667,5.9253333330000002,1.0237092569999999,0.54092953700000002,0.62966301199999997,2.7000000000000002,12,0,0,0,-0.81467999999999996,0,2.1637181480000001
"1992-1",3.2795043850000001,1.3999999999999999,0.16238612999999999,5.6207200000000004,5.5906666669999998,5.5490000000000004,0.098987177999999995,0.59379835299999995,0.63745344500000001,2.5,1,0,0,0,-0.89603999999999995,0,2.3751934119999998
"1992-2",2.1457208909999999,0.80000000000000004,0.051503970000000003,4.7547600000000001,5.6970000000000001,5.6696666670000004,0.75088826099999995,0.73526850099999996,0.76217797799999998,2.2999999999999998,-9,0,0,0,-0.86595999999999995,0,2.9410740039999999
"1992-3",1.3546683209999999,0.69999999999999996,0.242814698,4.2922866669999999,5.2039999999999997,5.2140000000000004,-0.090310016000000007,0.34082631000000002,0.36688712299999998,2.1000000000000001,-17,0,0,0,-0.46247333299999999,0,1.3633052400000001
"1992-4",0.52462136199999998,-0.5,-0.58127830700000005,3.9714900000000002,4.8736666670000002,4.963666667,0.269362514,0.38962959600000002,0.43095303200000001,2,-26,0,0,0,-0.32079666699999998,0,1.5585183840000001
"1993-1",-0.28936381900000002,-0.40000000000000002,0.55486003900000003,3.472613333,4.3760000000000003,4.5519999999999996,0.32512925399999998,0.23582829599999999,0.245279735,1.8999999999999999,-34,0,0,0,-0.498876667,0,0.94331318399999997
"1993-2",-0.738533679,-1.7,-0.81933334000000002,3.1998199999999999,4.657666667,4.7343333330000004,0.36220344900000001,0.29155181600000002,0.30202928899999998,1.8,-30,0,0,0,-0.27279333300000003,0,1.1662072640000001
"1993-3",-1.0607748189999999,-2.6000000000000001,-0.63901545699999995,3.0832833329999998,4.3246666669999998,4.3736666670000002,0.79516934299999997,0.28715016500000001,0.32029457300000003,1.7,-34,0,0,0,-0.116536667,0,1.1486006600000001
"1993-4",-1.473492749,-2.7000000000000002,0.45266622400000001,2.4816933329999999,3.677,3.7456666670000001,-0.411532438,0.104924857,0.19498992400000001,1.7,-36,0,0,0,-0.60158999999999996,0,0.41969942799999999
"1994-1",-1.9815584260000001,-2,1.079133254,2.273793333,3.9463333330000001,3.999333333,0.48518531500000001,0.20251149500000001,0.25292217,1.7,-36,0,0,0,-0.2079,0,0.81004598000000005
"1994-2",-1.313014849,-2.8999999999999999,-0.46793025999999999,2.1093199999999999,4.1366666670000001,4.1589999999999998,-0.111210246,0.419947919,0.40160817700000001,1.6000000000000001,-27,0,0,0,-0.164473333,0,1.679791676
"1994-3",-1.181736634,-2.2000000000000002,1.1387323600000001,2.1337799999999998,4.5293333330000003,4.585,0.020698198000000001,-0.047494544999999999,0.030452474,1.6000000000000001,-22,0,0,0,0.024459999999999999,0,-0.18997818
"1994-4",-0.89830498400000003,-2.8999999999999999,-0.410144701,2.2659466670000001,4.6036666669999997,4.6546666669999999,0.42112513899999998,-0.079223273999999996,-0.075552567000000001,1.6000000000000001,-18,0,0,0,0.13216666699999999,0,-0.31689309599999999
"1995-1",-0.47953375599999998,-2.2000000000000002,1.125901268,2.2187033330000001,4.4299999999999997,4.4429999999999996,-0.20001107300000001,0.10927402999999999,0.138530766,1.6000000000000001,-17,0,0,0,-0.047243333999999998,0,0.43709611999999998
"1995-2",-0.33126034900000001,-1.6000000000000001,1.0597793040000001,1.371666667,3.3149999999999999,3.3730000000000002,-0.25268911599999999,-0.19068195299999999,-0.160620129,1.5,-15,0,0,0,-0.84703666600000005,0,-0.76272781199999995
"1995-3",-0.57819021900000001,-0.80000000000000004,1.167230556,0.80000000000000004,3.0513333330000001,3.0996666670000002,0.042674479000000001,0.059314507000000002,0.103206113,1.5,-21,0,0,0,-0.57166666700000002,0,0.23725802800000001
"1995-4",0.075334654000000001,-0.90000000000000002,0.24458568999999999,0.46333333300000001,2.9199999999999999,2.968,-0.23402930699999999,0.067529407999999999,0.15548796000000001,1.5,-19,0,0,0,-0.33666666699999998,0,0.270117632
"1996-1",0.24759043,-0.40000000000000002,0.89038409600000001,0.46333333300000001,3.197333333,3.25,0.116928517,-0.013402847000000001,0.120339892,1.3999999999999999,-15,0,0,0,0,0,-0.053611388000000003
"1996-2",0.50056733399999997,0.40000000000000002,1.163167812,0.47666666699999999,3.2353333329999998,3.323,0.22566198300000001,0.054035069999999998,0.043062838999999999,1.3999999999999999,-8,0,0,0,0.013333334000000001,0,0.21614027999999999
"1996-3",0.95287762200000004,0.10000000000000001,0.041909512000000003,0.46333333300000001,3.0823333329999998,3.1583333329999999,0.100212,0.120201381,0.13394409600000001,1.3,-9,0,0,0,-0.013333334000000001,0,0.48080552399999998
"1996-4",1.1741450499999999,1,1.162906481,0.48333333299999998,2.645666667,2.729666667,0.047809419999999998,0.11009385200000001,0.15722058699999999,1.2,-7,0,0,0,0.02,0,0.44037540800000002
"1997-1",1.698570463,1,0.28244122700000002,0.49666666700000001,2.4923333329999999,2.5870000000000002,0.19976545700000001,0.170325436,0.015925506999999998,1.2,-4,0,0,0,0.013333334000000001,0,0.68130174399999999
"1997-2",1.2493687659999999,0.10000000000000001,-0.65628442300000001,0.49666666700000001,2.5070000000000001,2.592666667,0.287317769,0.25167950700000002,0.30036395100000002,1.1000000000000001,-6,0,0,0,0,0,1.0067180280000001
"1997-3",0.86547686400000001,0,0.22266382900000001,0.48999999999999999,2.2446666670000002,2.3580000000000001,0.22888807999999999,0.213446056,0.25843146299999997,1,-14,0,0,0,-0.0066666670000000003,0,0.85378422399999998
"1997-4",0.34271168000000002,-0.20000000000000001,0.037061123000000001,0.453333333,1.870333333,1.954,-0.026921420000000001,0.19814543800000001,0.241783423,1,-22,0,0,0,-0.036666667,0,0.79258175200000003
"1998-1",-0.33321558800000001,-1.6000000000000001,-1.136024946,0.43333333299999999,1.8493333329999999,1.927,0.047951757999999997,-0.238424742,-0.095696891000000006,0.90000000000000002,-35,0,0,0,-0.02,0,-0.95369896799999998
"1998-2",-0.99114008799999997,-2.2000000000000002,-0.40008302699999998,0.43666666700000001,1.5716666669999999,1.661333333,0.063227393000000007,-0.115755175,0.0031000279999999999,0.90000000000000002,-42,0,0,0,0.0033333339999999999,0,-0.46302070000000001
"1998-3",-1.7608376489999999,-2.2000000000000002,0.17276107700000001,0.38666666700000002,1.326666667,1.413666667,-0.36201657900000001,-0.122406954,-0.071051570999999994,0.90000000000000002,-48,0,0,0,-0.050000000000000003,0,-0.48962781599999999
"1998-4",-2.2602207679999999,-1.7,0.78414985800000003,0.23000000000000001,1.052666667,1.1200000000000001,0.77096633199999998,0.087566052000000005,0.13622403799999999,0.90000000000000002,-49,0,0,0,-0.15666666700000001,0,0.35026420800000002
"1999-1",-2.3112858209999998,-3.2000000000000002,-1.2905957699999999,0.14999999999999999,1.8276666669999999,1.9490000000000001,-0.53122276499999999,0.021966532,0.022881871000000002,0.90000000000000002,-44,0,0,0,-0.080000000000000002,0,0.087866128000000002
"1999-2",-2.7705612839999998,-3,0.363648319,0.029999999999999999,1.3839999999999999,1.5149999999999999,-0.14823330600000001,-0.070340466000000004,-0.0053724380000000002,0.90000000000000002,-37,0,0,0,-0.12,0,-0.28136186400000002
"1999-3",-1.9704116270000001,-2.7000000000000002,0.56193684600000005,0.029999999999999999,1.653333333,1.7653333330000001,-0.107972551,-0.13162765900000001,-0.14993606900000001,0.90000000000000002,-32,0,0,0,0,0,-0.52651063600000003
"1999-4",-1.5424994919999999,-2.8999999999999999,0.064309493999999995,0.023333333000000001,1.7283333329999999,1.7406666669999999,-0.18234823999999999,0.064883792999999995,-0.0079370420000000001,0.90000000000000002,-26,0,0,0,-0.0066666670000000003,0,0.25953517199999998
"2000-1",-1.0991960620000001,-1.3,1.8698669349999999,0.023333333000000001,1.7186666669999999,1.7736666670000001,-0.25117693299999999,0.040951288000000002,-0.066795676999999998,0.90000000000000002,-23,0,0,0,0,0,0.16380515200000001
"2000-2",-0.29445071699999997,-1.3,0.21185298399999999,0.02,1.6403333330000001,1.7070000000000001,-0.195856482,-0.125597559,-0.26716695099999999,0.90000000000000002,-18,0,0,0,-0.003333333,0,-0.50239023599999999
"2000-3",0.21586735700000001,-1.3999999999999999,0.075190367999999994,0.14333333300000001,1.7026666669999999,1.7729999999999999,-0.092872096000000001,-0.143524706,-0.20298790899999999,1,-15,0,0,0,0.123333333,0,-0.57409882400000001
"2000-4",0.70440140500000004,-0.69999999999999996,0.98528126100000002,0.24666666700000001,1.627,1.731666667,-0.290586328,-0.40518034600000002,-0.463595062,1,-14,0,0,0,0.103333334,0,-1.6207213840000001
"2001-1",-0.036394391999999998,-0.40000000000000002,0.50955758600000001,0.203333333,1.253333333,1.3613333329999999,0.14414210599999999,-0.14504956999999999,-0.16536065699999999,1,-22,0,0,0,-0.043333334000000001,0,-0.58019827999999996
"2001-2",-0.80458318100000004,-1.2,-0.46502896300000002,0.02,1.1259999999999999,1.2689999999999999,-0.47206383400000002,-0.17881831100000001,-0.209776826,1,-27,0,0,0,-0.18333333299999999,0,-0.71527324400000003
"2001-3",-2.0587209450000001,-2.3999999999999999,-1.0245863390000001,0.0083333330000000001,1.2023333329999999,1.3420000000000001,-0.169268155,-0.15810928299999999,-0.126906878,1,-36,0,0,0,-0.011666667,0,-0.63243713199999996
"2001-4",-2.4841844000000002,-2.8999999999999999,-0.29240602799999998,0.0023333329999999999,1.2170000000000001,1.352333333,-0.47419335099999999,-0.28833899099999999,-0.28740749199999999,1,-40,0,0,0,-0.0060000000000000001,0,-1.153355964
"2002-1",-3.0158160779999998,-3,0.141065681,0.0013333329999999999,1.3866666670000001,1.4646666669999999,-0.29026206700000001,-0.23249318799999999,-0.088362280000000001,1,-41,1,0,0,-0.001,0,-0.92997275199999996
"2002-2",-3.030509146,-2.6000000000000001,0.76323927999999996,0.001,1.262666667,1.3753333329999999,0.049179904000000003,-0.23751277500000001,-0.20009732099999999,1.1000000000000001,-32,0,0,0,-0.000333333,0,-0.95005110000000004
"2002-3",-2.3808020079999999,-2.5,0.31575656299999999,0.0030000000000000001,1.1033333329999999,1.231333333,-0.108343355,-0.229328854,-0.16044858100000001,1.1000000000000001,-30,0,0,0,0.002,0,-0.91731541599999999
"2002-4",-2.286588515,-2.5,0.26795853800000002,0.002,0.88466666699999996,1.014,-0.165955302,-0.18400517499999999,-0.127852471,1.1000000000000001,-28,0,0,0,-0.001,0,-0.73602069999999997
"2003-1",-2.2331445470000002,-2.7000000000000002,0.053641288000000002,0.0016666669999999999,0.70666666700000003,0.798666667,-0.018438644000000001,-0.048582755999999998,-0.12876416099999999,1.1000000000000001,-26,0,0,0,-0.000333333,0,-0.19433102399999999
"2003-2",-2.2203623189999999,-2.3999999999999999,0.64756827400000005,0.001,0.53300000000000003,0.59799999999999998,0.070106878999999997,0.072849084999999994,-0.0018181409999999999,1.1000000000000001,-26,0,0,0,-0.00066666700000000002,0,0.29139633999999998
"2003-3",-2.0845945380000002,-2.2999999999999998,0.39044459500000001,0.0016666669999999999,1.122333333,1.1986666669999999,-0.13693780899999999,0.004831798,0.085115990000000002,1.1000000000000001,-21,0,0,0,0.00066666700000000002,0,0.019327192
"2003-4",-1.6273176709999999,-1.5,1.1071699580000001,0.001,1.294333333,1.381666667,-0.21310369900000001,-0.022098915,-0.051858516,1.1000000000000001,-15,0,0,0,-0.00066666700000000002,0,-0.088395660000000001
"2004-1",-1.311808342,-1,0.77618760799999997,0.00066666700000000002,1.2066666669999999,1.310666667,0.15253513299999999,-0.117223354,-0.091723892000000001,1.1000000000000001,-5,0,0,0,-0.000333333,0,-0.46889341600000001
"2004-2",-1.443871321,-1.3,-0.062535964999999999,0.00066666700000000002,1.482,1.586666667,-0.091103314000000005,-0.057159751000000002,-0.136966383,1.1000000000000001,0,0,0,0,0,0,-0.22863900400000001
"2004-3",-1.057194116,-1,0.63120314399999999,0.00066666700000000002,1.5436666670000001,1.651,0.024279101000000001,0.044261808999999999,-0.079155768000000001,1.1000000000000001,2,0,0,0,0,0,0.177047236
"2004-4",-1.311026756,-1.5,-0.20871598599999999,0.001,1.3256666669999999,1.455333333,0.41868260000000002,-0.032633549999999997,-0.15342291499999999,1,1,0,0,0,0.000333333,0,-0.13053419999999999
"2005-1",-0.77335361000000002,-1.2,0.46741744400000002,0.0013333329999999999,1.2676666670000001,1.397333333,-0.29986350099999998,-0.015979403,-0.091474673000000006,1,-2,0,0,0,0.000333333,0,-0.063917611999999999
"2005-2",-0.70563320699999998,-0.80000000000000004,0.68216774800000002,0.001,1.1293333329999999,1.274666667,-0.225884155,-0.017181749999999999,-0.068566919000000004,0.90000000000000002,1,0,0,0,-0.000333333,0,-0.068726999999999996
"2005-3",-0.36077439100000003,-0.10000000000000001,0.97338943300000003,0.001,1.2126666669999999,1.3420000000000001,-0.232021054,-0.16153699599999999,-0.272153806,0.90000000000000002,2,0,0,0,0,0,-0.64614798399999995
"2005-4",0.038703963000000001,-0.10000000000000001,0.16626738099999999,0.001,1.4379999999999999,1.522666667,0.020815614,0.071593001000000003,-0.129312805,0.80000000000000004,5,0,0,0,0,0,0.28637200400000001
"2006-1",0.33452850000000001,-0.10000000000000001,0.164917866,0.0013333329999999999,1.5173333330000001,1.568333333,0.33185828699999997,0.115954744,-0.16467542399999999,0.69999999999999996,5,0,1,0,0.000333333,0,0.46381897599999999
"2006-2",0.56503797600000005,0,0.273156803,0.019333333000000001,1.8516666669999999,1.8879999999999999,0.056203055000000002,0.010443236999999999,-0.059828144,0.59999999999999998,6,0,0,0,0.017999999999999999,0,0.041772947999999997
"2006-3",0.89014591399999998,-0.29999999999999999,-0.17746755,0.222,1.7463333329999999,1.800333333,0.15346473899999999,0.013147495,0.035273467000000003,0.5,6,0,0,0,0.20266666699999999,0,0.052589980000000001
"2006-4",1.3537087619999999,0.90000000000000002,1.2930282980000001,0.255333333,1.618333333,1.701333333,-0.18640652299999999,0.014419444999999999,-0.039354570999999998,0.40000000000000002,8,0,0,0,0.033333333,0,0.057677779999999998
"2007-1",1.4360865439999999,1.5,0.72241803500000001,0.37766666700000001,1.5960000000000001,1.679,-0.106886114,-0.17607330900000001,-0.056729452,0.29999999999999999,8,0,0,0,0.122333334,0,-0.70429323600000004
"2007-2",1.502270891,1.6000000000000001,0.14401760599999999,0.51400000000000001,1.677,1.746,0.064546594999999998,0.044538748000000003,-0.068144326000000005,0.20000000000000001,7,0,0,0,0.136333333,0,0.17815499200000001
"2007-3",1.592423216,1.1000000000000001,-0.506055543,0.498,1.649333333,1.7223333329999999,0.074025235999999994,0.0077461070000000003,0.015805829,0.10000000000000001,4,0,0,0,-0.016,0,0.030984428000000001
"2007-4",1.986474866,1.6000000000000001,0.46079331699999998,0.501,1.466,1.572666667,0.53242802,0.58488631899999999,0.11432321099999999,0.10000000000000001,2,0,0,0,0.0030000000000000001,0,2.339545276
"2008-1",1.719816207,1.8999999999999999,0.34692774999999998,0.50566666699999996,1.2709999999999999,1.3966666670000001,0.30559086600000002,0.35570914799999998,0.209504155,0,-4,0,0,0,0.0046666670000000002,0,1.4228365919999999
"2008-2",1.2489577590000001,1.3999999999999999,-0.45660110999999998,0.50666666699999996,1.526666667,1.613,0.43707841400000003,0.46732165399999998,0.45605049600000003,-0.10000000000000001,-7,0,0,0,0.001,0,1.8692866159999999
"2008-3",-0.011388219999999999,0.20000000000000001,-1.2535551819999999,0.50066666699999995,1.431333333,1.522333333,0.89802538399999998,0.96031715500000003,0.42590472099999999,-0.10000000000000001,-14,0,0,0,-0.0060000000000000001,0,3.8412686200000001
"2008-4",-1.551020973,-2.2000000000000002,-2.4245576080000002,0.33300000000000002,1.3606666670000001,1.4343333330000001,-0.566724373,-0.72047590800000005,0.075346131999999996,-0.10000000000000001,-24,0,0,0,-0.16766666699999999,0.066666666999999999,-2.8819036320000002
"2009-1",-5.8071522790000003,-6.9000000000000004,-4.7832803779999997,0.11033333300000001,1.1850000000000001,1.288333333,-0.92977668400000002,-0.75931042299999996,-0.328112195,-0.10000000000000001,-46,0,0,1,-0.22266666700000001,0.10000000000000001,-3.0372416919999998
"2009-2",-5.9597186459999998,-5,2.083359867,0.103333333,1.3613333329999999,1.449666667,-0.41602581,-0.45346299699999998,-0.26995414200000001,0,-45,0,0,0,-0.0070000000000000001,0.10000000000000001,-1.8138519879999999
"2009-3",-4.9745994109999998,-4.9000000000000004,0.056989624000000003,0.103333333,1.221666667,1.3533333329999999,-0.32935495199999998,-0.409861107,-0.314920225,0.10000000000000001,-38,0,0,0,0,0.10000000000000001,-1.639444428
"2009-4",-3.8294407640000001,-3.6000000000000001,1.3915723689999999,0.104,1.1899999999999999,1.3213333330000001,-0.354665815,-0.100493184,-0.280262291,0.20000000000000001,-32,0,0,0,0.00066666700000000002,0.10000000000000001,-0.401972736
"2010-1",-2.8328355790000002,-2.8999999999999999,0.84600841699999996,0.098000000000000004,1.189333333,1.343,0.19649099,0.018685073,-0.19205599300000001,0.20000000000000001,-24,0,0,0,-0.0060000000000000001,0.10000000000000001,0.074740292
"2010-2",-2.2204378710000001,-1.7,1.325180749,0.092999999999999999,1.119,1.286,-0.27194305099999999,-0.50555659600000002,-0.642578643,0.29999999999999999,-15,0,0,0,-0.0050000000000000001,0.10000000000000001,-2.0222263840000001
"2010-3",-1.3148019710000001,0,1.8435305179999999,0.093333333000000004,0.90300000000000002,1.0569999999999999,-0.48970239500000001,-0.50929990000000003,-0.49657527099999998,0.40000000000000002,-10,0,0,0,0.000333333,0.10000000000000001,-2.0371996000000001
"2010-4",-1.253016057,-0.90000000000000002,-0.80898652199999999,0.089666667000000005,0.91366666699999999,1.0476666670000001,0.34616429199999998,0.23071058699999999,0.13880552199999999,0.40000000000000002,-11,0,0,0,-0.0036666659999999998,0.10000000000000001,0.92284234799999998
"2011-1",-1.6312278929999999,-2.3999999999999999,-1.4340628339999999,0.087666667000000004,1.1333333329999999,1.2509999999999999,-0.190844929,-0.093419033999999998,-0.31713145599999998,0.5,-9,0,0,0,-0.002,0.10000000000000001,-0.37367613599999999
"2011-2",-2.3151815189999998,-3.2000000000000002,-0.65324943800000002,0.066666666999999999,1.0509999999999999,1.185666667,-0.046952749000000002,0.119469135,-0.067260103000000002,0.59999999999999998,-18,0,0,0,-0.021000000000000001,0.10000000000000001,0.47787654000000002
"2011-3",-1.250445872,-0.90000000000000002,2.5237505750000002,0.078,0.91900000000000004,1.058666667,0.092871597,0.0025832860000000002,-0.100653123,0.59999999999999998,-9,0,0,0,0.011333332999999999,0.10000000000000001,0.010333144000000001
"2011-4",-0.47371851399999998,-1.2,-0.16085254900000001,0.078666666999999996,0.88300000000000001,1.0089999999999999,-0.092636675000000002,-0.107618755,-0.226830738,0.69999999999999996,-7,0,0,0,0.00066666700000000002,0.10000000000000001,-0.43047501999999999
"2012-1",-0.129214944,-0.20000000000000001,1.2617159549999999,0.083000000000000004,0.86633333300000004,0.98833333300000004,0.205385237,-0.033575674,-0.045136968,0.69999999999999996,-6,0,0,0,0.004333333,0.10000000000000001,-0.134302696
"2012-2",-0.78582945299999996,-1.1000000000000001,-0.79870456499999998,0.078333333000000005,0.77233333299999996,0.89233333299999995,-0.052032572999999999,0.11051464699999999,-0.018862481,0.69999999999999996,-4,0,0,0,-0.0046666670000000002,0.10000000000000001,0.44205858799999997
"2012-3",-1.228907784,-1.7,-0.35979887399999999,0.085000000000000006,0.680666667,0.79700000000000004,-0.40217910800000001,-0.106337982,-0.077411091000000001,0.80000000000000004,-6,0,0,0,0.0066666670000000003,0.10000000000000001,-0.42535192799999999
"2012-4",-1.359077713,-1.6000000000000001,0.25017214599999998,0.084333332999999996,0.64200000000000002,0.75600000000000001,0.098282868999999995,0.038701658999999999,-0.243513848,0.80000000000000004,-9,0,0,0,-0.00066666700000000002,0.10000000000000001,0.154806636
"2013-1",-1.300651588,-0.69999999999999996,1.1732704119999999,0.082666666999999999,0.61033333300000003,0.71266666700000003,-0.490843427,-0.59643395300000002,-0.61451320700000001,0.80000000000000004,-8,0,0,0,-0.001666666,0.10000000000000001,-2.3857358120000001
"2013-2",-0.90945802399999998,-0.10000000000000001,0.83249918000000001,0.072999999999999995,0.68333333299999999,0.73599999999999999,0.57891627300000004,0.70545238700000001,0.60994914899999997,0.80000000000000004,-2,0,0,0,-0.0096666670000000003,0.10000000000000001,2.8218095480000001
"2013-3",-0.35770519699999997,0.59999999999999998,0.83235681800000005,0.072666667000000004,0.71166666700000003,0.76933333299999995,0.78350001800000002,0.64687206399999997,0.27932644600000001,0.80000000000000004,2,0,0,0,-0.000333333,0.10000000000000001,2.5874882559999999
"2013-4",0.41893019100000001,0.29999999999999999,-0.047723278000000001,0.072333333,0.57499999999999996,0.64066666699999997,0.64017924000000004,0.42055628499999997,0.34009107500000002,0.80000000000000004,8,0,0,0,-0.00033333400000000002,0.10000000000000001,1.6822251399999999
"2014-1",0.57528884300000005,1,0.95386675700000001,0.073999999999999996,0.554666667,0.629,-0.75422584299999995,-0.688408413,-0.61831163499999997,0.80000000000000004,12,0,0,0,0.0016666669999999999,0.10000000000000001,-2.753633652
"2014-2",-0.120352,-1,-1.8596677129999999,0.066666666999999999,0.52400000000000002,0.60266666700000004,1.043850527,1.104444094,0.92184418899999998,0.80000000000000004,7,0,0,0,-0.007333333,0.10000000000000001,4.4177763759999999
"2014-3",-0.19396814100000001,-1.2,0.085857077000000004,0.067000000000000004,0.452333333,0.53366666699999998,0.45247969799999999,0.374133147,0.25525446200000002,0.90000000000000002,4,0,0,0,0.000333333,0.10000000000000001,1.496532588
"2014-4",-0.19306794299999999,-0.90000000000000002,0.47685029099999998,0.064000000000000001,0.36699999999999999,0.44900000000000001,-0.19079706900000001,-0.028353874000000001,0.18318969700000001,0.90000000000000002,5,0,0,0,-0.0030000000000000001,0.10000000000000001,-0.113415496
"2015-1",-0.028526254000000001,0.20000000000000001,1.3361117870000001,0.073333333000000001,0.27366666699999997,0.34066666699999998,0.73053822000000002,0.49456316700000003,0.96416860699999996,0.90000000000000002,7,0,0,0,0.0093333329999999992,0.10000000000000001,1.9782526680000001
"2015-2",-0.31432702400000001,0.20000000000000001,0.17246621500000001,0.067333332999999995,0.33666666699999998,0.40433333300000002,-0.34550587199999999,-0.52495489200000001,-0.46811202499999999,0.90000000000000002,7,0,0,0,-0.0060000000000000001,0.10000000000000001,-2.099819568
"2015-3",-0.38935919699999999,-0.10000000000000001,-0.057325399999999999,0.074333333000000001,0.319333333,0.39533333300000001,0.054620386999999999,-0.025600853999999999,0.356843778,0.90000000000000002,8,0,0,0,0.0070000000000000001,0.10000000000000001,-0.102403416
"2015-4",-0.47926109300000003,-0.80000000000000004,-0.41201753600000002,0.076333333000000003,0.23200000000000001,0.31,-0.19140132100000001,0.024639748,0.30096814999999999,0.90000000000000002,9,0,0,0,0.002,0.10000000000000001,0.098558991999999998
"2016-1",-0.40672636099999998,-0.29999999999999999,0.70583205299999996,0.034666666999999998,-0.0023333329999999999,0.061666667000000001,0.25210612100000002,0.173347842,0.48887740800000001,0.90000000000000002,7,0,0,0,-0.041666665999999998,-0.033333333,0.69339136800000001
"2016-2",-0.55745434299999996,-0.5,0.033517655,-0.050333333000000001,-0.167333333,-0.119666667,-0.32225425400000002,-0.48620629100000001,-0.31479675099999999,1,4,0,0,0,-0.085000000000000006,-0.10000000000000001,-1.9448251640000001
"2016-3",-0.23590231,-0.5,0.25434071899999999,-0.045999999999999999,-0.179666667,-0.12933333299999999,-0.13829175299999999,-0.10606023000000001,-0.024833396000000001,1,5,0,0,0,0.004333333,-0.10000000000000001,-0.42424092000000002
"2016-4",0.226248648,-0.59999999999999998,0.19205791799999999,-0.043333333000000002,-0.046333332999999997,-0.0046666670000000002,0.55151982600000005,0.18550744699999999,0.097694156000000004,1,7,0,0,0,0.0026666670000000002,-0.10000000000000001,0.74202978799999997
"2017-1",0.47747088199999999,0,0.88402740599999996,-0.041666666999999998,0.039666667000000003,0.073999999999999996,0.0084955949999999999,0.41943285200000002,0.14889321599999999,1,10,0,0,0,0.001666666,-0.10000000000000001,1.6777314080000001
"2017-2",0.86419489800000004,0.29999999999999999,0.42764131799999999,-0.054333332999999998,0.005333333,0.042333333000000001,0.057293218999999999,-0.062771129999999994,-0.10954415000000001,1,12,0,0,0,-0.012666666,-0.10000000000000001,-0.25108451999999998
"2017-3",1.021223032,0.59999999999999998,0.71369940300000001,-0.053666667000000001,0.017333332999999999,0.048333332999999999,0.065181797,0.175300279,0.089339875999999999,1.1000000000000001,15,0,0,0,0.000666666,-0.10000000000000001,0.70120111600000001
"2017-4",1.2824413100000001,0.69999999999999996,0.308647542,-0.042333333000000001,0.014333333,0.050333333000000001,0.44059862900000002,0.338612892,0.18478413399999999,1.1000000000000001,16,0,0,0,0.011333334,-0.10000000000000001,1.354451568
"2018-1",1.335427393,0.29999999999999999,-0.066117201,-0.048000000000000001,0.029999999999999999,0.060999999999999999,0.61362400800000005,0.300465502,0.154883624,1.1000000000000001,17,0,0,0,-0.0056666670000000002,-0.10000000000000001,1.201862008
"2018-2",1.5156400510000001,0.59999999999999998,0.40856726100000001,-0.065000000000000002,0.011666667,0.045666667000000001,-0.40574429000000001,-0.0043351170000000003,-0.11481566999999999,1.1000000000000001,16,0,0,0,-0.017000000000000001,-0.10000000000000001,-0.017340468000000001
"2018-3",1.269288521,-0.29999999999999999,-0.479367021,-0.062666666999999995,0.052333333000000003,0.094333333000000005,0.52329465500000005,0.30995310199999998,0.14012124100000001,1.1000000000000001,15,0,0,0,0.0023333329999999999,-0.10000000000000001,1.2398124079999999
"2018-4",1.982288963,-0.10000000000000001,0.4099526,-0.066000000000000003,0.043999999999999997,0.10199999999999999,0.093501496000000003,0.237364821,0.140906055,1.1000000000000001,16,0,0,0,-0.003333333,-0.10000000000000001,0.94945928400000001
"2019-1",1.299599312,0.20000000000000001,0.70347172400000002,-0.054333332999999998,-0.077333333000000004,-0.014999999999999999,0.040770094999999999,0.20725966400000001,0.22652612,1.1000000000000001,12,0,0,0,0.011666667,-0.10000000000000001,0.82903865600000004